ID_Modelo,Nombre_Modelo,Agencia,Pais_Origen,Categoria,Genero,Evento_Principal,Ciudad_Evento,Pais_Evento,Mes_Evento,Nivel_Experiencia,Nivel_Prestigio_Evento,Tipo_Trabajo,Estado_Contrato,Edad_Modelo,Altura_CM,Eventos_Participados_Anio,Fotos_Sesion,Seguidores_Instagram_Miles,Campanas_Publicitarias_Anio,Pago_Por_Evento_USD,Ingreso_Anual_USD,Indice_Masa_Corporal,Puntuacion_Desempeno,Horas_Trabajo_Semanal
12001, Martha Hunt ,IMG Models, Estados Unidos , Comercial ,Femenino, Mexico Fashion Week ,Ciudad de Mexico,Mexico ,Mayo/Octubre, avanzado ,alto,redes sociales, pendiente ,22,183,13,227,506,9,3550.9,151261.51,20.5,5.9,31.7
12002,gisele bundchen,IMG MODELS,brasil,Supermodelo ,Femenino, Australia Fashion Week , Sydney , Australia ,Mayo,principiante,MUY ALTO,pasarela,PENDIENTE,35,166,16,208,513,5,3908.12,210330.01,17.8,4.2,25.8
12003, Andres Velencoso , View Management ,españa,Modelo Masculino ,Masculino, Miami Swim Week ,Miami,estados unidos,Julio,AVANZADO,BAJO,editorial,activo,44,174,15,209,520,4,9497.93,899608.98,18.6,9.9,102.3
12004,sean o pry,IMG MODELS,estados unidos,MODELO MASCULINO,Masculino,New York Fashion Week,NEW YORK,estados unidos,Febrero/Septiembre,Avanzado,bajo,comercial,Pendiente,30,177,12,203,499,9,4691.15,,18.0,9.8,3.0
12005,Taylor Hill,IMG Models ,Estados Unidos , Comercial ,Femenino,Oscars Red Carpet,los angeles,estados unidos,Febrero, Principiante ,medio,editorial,finalizado,26,170,4,197,473,13,1596.72,102733.52,20.4,5.9,13.2
12006,ROMEE STRIJD,IMG MODELS,PAISES BAJOS,Comercial ,Femenino,LONDON FASHION WEEK,Londres ,  Reino Unido,Febrero/Septiembre, avanzado ,MUY ALTO,pasarela, pendiente ,23,176,19,227,508,9,2749.67,233012.92,20.1,6.7,17.2
12007,GIGI HADID,IMG Models,Estados Unidos ,Emergente ,Femenino,cannes film festival, Cannes ,Francia ,Mayo,experto,muy alto,Comercial,FINALIZADO,44,176,10,198,504,6,2389.78,1319942.77,19.2,5.7,61.0
12008,Naomi Campbell,PREMIER MODEL MANAGEMENT,Reino Unido , Supermodelo ,Femenino, Paris Fashion Week ,  París,francia,Marzo/Septiembre,Experto, muy alto , comercial ,FINALIZADO,36,184,18,181,488,3,54221.5,31900.58,16.8,8.2,195.8
12009,sara sampaio,  IMG Models,PORTUGAL,Victoria Secret,Femenino,met gala,NEW YORK,  Estados Unidos,Mayo,EXPERTO,MUY ALTO,editorial, pendiente ,22,175,16,218,463,9,21362.59,48454.02,17.4,11.0,11.0
12010,GISELE BÜNDCHEN,IMG MODELS,brasil,  Supermodelo,Femenino,MEXICO FASHION WEEK,Ciudad de Mexico, Mexico ,Mayo/Octubre,Experto,MEDIO,publicidad,finalizado,41,171,7,204,435,4,51518.89,88840.76,17.0,8.9,83.0
12011,david gandy,Premier Model Management ,REINO UNIDO,Modelo Masculino,Masculino,LONDON FASHION WEEK, Londres ,Reino Unido,Febrero/Septiembre,AVANZADO,ALTO,pasarela,Pendiente,34,165,15,170,493,10,8690.33,452196.93,15.1,9.6,71.0
12012,joan smalls,IMG Models , Puerto Rico ,  Pasarela,Femenino, Berlin Fashion Week ,Berlin, Alemania ,Enero/Julio,intermedio,Medio,Pasarela, pendiente ,38,165,15,214,504,10,,81537.35,20.4,9.1,10.2
12013,gisele bundchen,  IMG Models,BRASIL,  Supermodelo,Femenino,CANNES FILM FESTIVAL,cannes,FRANCIA,Mayo, experto ,ALTO,publicidad,renegociacion,26,184,19,193,521,9,24014.1,1722204.57,18.0,7.5,20.4
12014,David Gandy, Premier Model Management ,  Reino Unido,Modelo Masculino ,Masculino, Cannes Film Festival , Cannes ,  Francia,Mayo, experto ,ALTO,REDES SOCIALES,finalizado,26,177,14,201,475,15,5923.53,295940.59,18.0,9.7,21.1
12015,Martha Hunt,img models,ESTADOS UNIDOS,  Comercial,Femenino,MEXICO FASHION WEEK,Ciudad de Mexico ,  Mexico,Mayo/Octubre, avanzado , alto , redes sociales ,Finalizado,39,173,19,194,509,7,5336.92,348093.86,20.7,9.0,153.1
12016,liu wen, IMG Models ,China,pasarela,Femenino,MEXICO FASHION WEEK, Ciudad de Mexico ,mexico,Mayo/Octubre,Leyenda,Muy Alto, Pasarela ,activo,36,167,14,210,451,13,1000000.0,141618.39,17.8,10.4,8.0
12017, Sean O Pry ,IMG Models , Estados Unidos , Modelo Masculino ,Masculino, Sao Paulo Fashion Week ,Sao Paulo , Brasil ,Abril/Octubre,Avanzado,Medio,PUBLICIDAD,pendiente,19,171,10,188,514,5,2083.4,318345.86,17.2,6.6,64.2
12018,Adut Akech, IMG Models ,Sudan del Sur, Pasarela ,Femenino,TOKYO FASHION WEEK,Tokio,Japon ,Marzo/Octubre,PRINCIPIANTE, alto ,publicidad,renegociacion,23,170,16,182,514,10,4445.05,542226.95,18.2,4.0,16.3
12019, Paloma Elsesser ,IMG MODELS,estados unidos,plus size,Femenino,NEW YORK FASHION WEEK, New York ,ESTADOS UNIDOS,Febrero/Septiembre,experto, Bajo ,COMERCIAL, renegociacion ,39,172,17,200,489,7,6585.01,,16.8,9.6,52.5
12020, Gisele Bündchen ,IMG MODELS,brasil, Supermodelo ,Femenino,VICTORIA SECRET SHOW,VARIADA,  Variado,Noviembre,PRINCIPIANTE,ALTO,redes sociales,activo,18,173,16,223,461,11,16812.6,700943.82,19.0,8.2,
12021,  Gisele Bündchen  ,IMG Models ,  Estados Unidos,PLUS SIZE,Femenino,mexico fashion week,  Ciudad de Mexico, Mexico ,Mayo/Octubre,experto, medio ,Redes Sociales, finalizado ,37,169,14,203,503,7,969.12,431245.99,17.9,6.9,34.5
12022, Stella Maxwell ,IMG Models ,  Belgica, Comercial ,Femenino,Sao Paulo Fashion Week,SAO PAULO,brasil,Abril/Octubre, leyenda ,MUY ALTO, comercial ,Renegociacion,36,165,13,183,497,10,3545.46,1173580.89,17.7,,
12023, Alessandra Ambrosio , IMG Models ,  Brasil, Victoria Secret ,Femenino,sao paulo fashion week,sao paulo,Brasil ,Abril/Octubre,intermedio, Bajo ,Editorial,FINALIZADO,17,183,6,200,502,9,24834.08,850250.14,17.6,12.6,65.2
12024, Cindy Crawford , Elite Model Management , Estados Unidos , Supermodelo ,Femenino,BERLIN FASHION WEEK,BERLIN,alemania,Enero/Julio,leyenda,Alto,Redes Sociales,renegociacion,39,174,15,173,462,12,2383.56,707445.93,18.3,6.2,80.5
12025,hailey bieber,IMG MODELS,Estados Unidos ,  Emergente,Femenino,Paris Fashion Week,parís,FRANCIA,Marzo/Septiembre,avanzado,MUY ALTO,COMERCIAL,renegociacion,27,176,15,187,483,5,6292.97,28605.66,18.6,5.8,2.5
12026,KENDALL JENNER,img models,BRASIL,Victoria Secret,Femenino,sao paulo fashion week,Sao Paulo, Brasil ,Abril/Octubre,AVANZADO, medio ,Publicidad,Pendiente,21,179,11,187,529,6,29999.36,3450.86,17.7,7.7,47.1
12027,Naomi Campbell,  Premier Model Management,Reino Unido,SUPERMODELO,Femenino,oscars red carpet,Los Angeles ,estados unidos,Febrero, Principiante ,Medio,EDITORIAL,finalizado,17,173,14,203,477,8,2524.95,119412.48,18.0,9.9,6.0
12028,Kate Moss,storm model management, Reino Unido , Supermodelo ,Femenino,miami swim week,  Miami,ESTADOS UNIDOS,Julio,PRINCIPIANTE, Bajo , Pasarela ,Renegociacion,43,184,17,212,510,11,1295.41,544613.62,18.4,12.1,21.5
12029, Bella Hadid ,IMG Models ,Estados Unidos,EMERGENTE,Femenino, New York Fashion Week ,New York,  Estados Unidos,Febrero/Septiembre,AVANZADO,bajo,PUBLICIDAD,pendiente,36,181,13,201,503,5,9940.38,264832.22,18.2,8.8,31.8
12030,halima aden, IMG Models ,SOMALIA,  Pasarela,Femenino,MEXICO FASHION WEEK,Ciudad de Mexico ,Mexico ,Mayo/Octubre,avanzado,alto,editorial, renegociacion ,16,181,15,196,479,6,,257422.06,18.5,5.0,20.6
12031,paloma elsesser,img models,Estados Unidos ,PLUS SIZE,Femenino,MILAN FASHION WEEK,Milán , Italia ,Febrero/Septiembre,avanzado,Muy Alto,COMERCIAL, pendiente ,27,184,17,183,459,7,-5000.0,1079618.66,17.5,11.4,29.3
12032, Taylor Hill , IMG Models ,Estados Unidos,COMERCIAL,Femenino,New York Fashion Week,new york, Estados Unidos ,Febrero/Septiembre,EXPERTO,muy alto,Publicidad, pendiente ,41,176,8,195,483,10,24429.68,1129584.9,20.0,7.5,226.5
12033,Liu Wen,IMG Models, China ,pasarela,Femenino,sao paulo fashion week,SAO PAULO,BRASIL,Abril/Octubre, leyenda , medio ,editorial,finalizado,37,171,23,206,529,7,2212.69,1199411.8,18.6,5.8,5.8
12034,emily ratajkowski,IMG MODELS,ESTADOS UNIDOS,  Emergente,Femenino,TOKYO FASHION WEEK,TOKIO, Japon ,Marzo/Octubre,experto,medio,Pasarela,Pendiente,44,166,14,209,516,8,13037.5,188349.97,17.7,5.3,45.0
12035,Lais Ribeiro,  IMG Models,  Brasil, Victoria Secret ,Femenino,london fashion week,  Londres,Reino Unido ,Febrero/Septiembre,intermedio,ALTO,PUBLICIDAD,RENEGOCIACION,27,167,14,188,490,9,10563.39,587297.32,19.0,9.2,
12036, Liu Wen , IMG Models ,  China,Pasarela,Femenino,MILAN FASHION WEEK,  Milán,Italia ,Febrero/Septiembre,EXPERTO,ALTO,publicidad,activo,40,181,23,213,529,7,2333.65,158475.24,18.4,8.0,5.7
12037,precious lee,  IMG Models,  Estados Unidos,Plus Size,Femenino,australia fashion week,sydney, Australia ,Mayo, avanzado ,MEDIO,REDES SOCIALES,renegociacion,32,169,11,206,496,7,14672.43,105737.1,15.9,8.2,6.9
12038, Halima Aden , IMG Models ,SOMALIA,Pasarela,Femenino,LONDON FASHION WEEK,londres,reino unido,Febrero/Septiembre,EXPERTO,medio,EDITORIAL,renegociacion,42,181,9,178,499,8,4795.65,102058.15,,10.1,119.3
12039,BELLA HADID, IMG Models ,Estados Unidos ,Emergente,Femenino,Sao Paulo Fashion Week,Sao Paulo,brasil,Abril/Octubre,principiante, muy alto ,editorial,Pendiente,42,181,9,209,534,11,10036.61,209356.96,,5.9,84.7
12040, Adut Akech ,  IMG Models, Sudan del Sur , Pasarela ,Femenino,madrid fashion week,madrid,España ,Febrero/Septiembre, avanzado ,MUY ALTO, redes sociales ,Renegociacion,25,181,8,215,485,12,1287.82,,19.9,10.2,95.0
12041, Stella Maxwell ,IMG Models   ,  Belgica,Comercial,Femenino,CANNES FILM FESTIVAL,CANNES,francia,Mayo, leyenda , muy alto ,Comercial, pendiente ,43,166,20,207,537,8,9231.24,888777.92,18.1,6.5,190.9
12042, Adriana Lima ,img models,BRASIL,  Supermodelo,Femenino,Sao Paulo Fashion Week,sao paulo,BRASIL,Abril/Octubre,experto,alto,comercial,Finalizado,43,166,19,191,508,11,5489.27,63854.81,19.7,11.8,9.3
12043,sean o pry, IMG Models ,Estados Unidos,  Modelo Masculino,Masculino,Oscars Red Carpet,los angeles,Estados Unidos,Febrero,Avanzado, muy alto ,Redes Sociales,PENDIENTE,31,169,16,187,516,5,25921.73,663872.84,17.6,8.7,17.6
12044, Jon Kortajarena ,View Management,  España,MODELO MASCULINO,Masculino,MEXICO FASHION WEEK,Ciudad de Mexico ,  Mexico,Mayo/Octubre,principiante,Bajo,PUBLICIDAD,FINALIZADO,30,165,12,185,514,10,,379061.47,18.6,5.7,44.3
12045, Naomi Campbell ,premier model management,reino unido,supermodelo,Femenino,london fashion week,londres, Reino Unido ,Febrero/Septiembre,PRINCIPIANTE,BAJO,PASARELA,ACTIVO,30,165,13,197,477,9,,169800.3,20.3,3.4,26.5
12046,SEAN O PRY,IMG Models , Estados Unidos ,Modelo Masculino ,Masculino, Tokyo Fashion Week ,  Tokio,JAPON,Marzo/Octubre,Experto,Muy Alto,Comercial,RENEGOCIACION,34,183,13,215,527,9,9199.28,100000000.0,18.1,9.1,21.7
12047,kate moss,Storm Model Management ,Reino Unido,Supermodelo,Femenino,London Fashion Week,Londres,Reino Unido ,Febrero/Septiembre, avanzado ,MUY ALTO, Pasarela , finalizado ,27,166,20,190,483,7,19365.09,178296.09,17.6,6.8,17.7
12048,ANDRES VELENCOSO,VIEW MANAGEMENT,España ,Modelo Masculino ,Masculino,Met Gala,new york,Estados Unidos,Mayo,Leyenda, medio ,editorial,ACTIVO,38,176,18,204,496,9,12809.87,,19.5,7.2,36.0
12049, Martha Hunt ,IMG Models,Estados Unidos ,Comercial ,Femenino,TOKYO FASHION WEEK,  Tokio,  Japon,Marzo/Octubre,intermedio,MEDIO,Editorial,PENDIENTE,35,170,15,205,491,12,16503.76,284442.74,19.5,9.0,34.3
12050,izabel goulart, IMG Models ,BRASIL,Victoria Secret ,Femenino, Victoria Secret Show , Variada ,Variado ,Noviembre,Principiante, alto , comercial ,activo,40,168,13,202,475,7,22512.07,89805.93,17.7,9.5,7.0
12051,IZABEL GOULART,img models,Brasil ,VICTORIA SECRET,Femenino, Victoria Secret Show , Variada ,Variado,Noviembre,Intermedio,bajo,PUBLICIDAD,Finalizado,18,175,14,212,510,10,29729.6,61979.01,15.5,9.9,25.5
12052, David Gandy ,Premier Model Management ,reino unido,  Modelo Masculino,Masculino, Berlin Fashion Week ,Berlin ,ALEMANIA,Enero/Julio, leyenda ,bajo, editorial ,Renegociacion,20,181,21,218,519,7,5650.44,395595.8,17.6,5.2,32.3
12053,Andres Velencoso, View Management ,  España,Modelo Masculino,Masculino,MILAN FASHION WEEK,Milán ,Italia,Febrero/Septiembre,EXPERTO,alto,Pasarela,activo,34,170,13,221,482,4,11583.59,1163505.67,19.5,10.4,33.8
12054,KENDALL JENNER,IMG Models,Estados Unidos, Emergente ,Femenino,cannes film festival, Cannes ,francia,Mayo,principiante, muy alto ,Publicidad,ACTIVO,22,169,24,197,476,9,27498.86,210764.99,17.3,6.3,
12055,martha hunt,  IMG Models,  Estados Unidos,COMERCIAL,Femenino,Mexico Fashion Week,  Ciudad de Mexico,MEXICO,Mayo/Octubre,Intermedio, muy alto ,Comercial,PENDIENTE,36,184,16,190,489,4,68276.05,660253.51,18.5,3.0,54.2
12056,HALIMA ADEN,img models, Somalia ,  Pasarela,Femenino,MEXICO FASHION WEEK,Ciudad de Mexico , Mexico ,Mayo/Octubre,PRINCIPIANTE,alto, editorial ,PENDIENTE,24,166,12,205,496,7,33043.72,537440.1,17.5,5.1,1.0
12057,KARLIE KLOSS, IMG Models ,  Estados Unidos, Supermodelo ,Femenino, Milan Fashion Week ,  Milán,Italia ,Febrero/Septiembre, intermedio ,Bajo,COMERCIAL, renegociacion ,22,170,17,182,508,15,6965.51,1340861.76,15.6,7.9,17.5
12058,TAYLOR HILL,  IMG Models,ESTADOS UNIDOS,  Comercial,Femenino,London Fashion Week,  Londres,reino unido,Febrero/Septiembre, avanzado , Bajo ,Publicidad,PENDIENTE,33,175,9,185,475,10,3256.8,860131.72,17.5,5.5,60.6
12059,Karlie Kloss,img models,  Estados Unidos,Supermodelo,Femenino,London Fashion Week,Londres , Reino Unido ,Febrero/Septiembre, avanzado ,muy alto,PUBLICIDAD,FINALIZADO,19,180,7,180,511,5,10082.31,418053.16,19.5,7.3,33.2
12060,lais ribeiro,IMG Models, Brasil ,VICTORIA SECRET,Femenino, Australia Fashion Week ,SYDNEY,Australia,Mayo,Experto,Medio,publicidad,finalizado,40,180,14,190,526,7,20301.1,535056.88,14.9,8.2,12.1
12061,emily ratajkowski, IMG Models ,Estados Unidos,Emergente ,Femenino, Australia Fashion Week ,  Sydney,australia,Mayo,LEYENDA,Alto,REDES SOCIALES,Activo,43,165,13,206,505,3,10175.92,-50000.0,,7.1,47.5
12062,martha hunt,IMG MODELS,estados unidos,COMERCIAL,Femenino,Australia Fashion Week,SYDNEY, Australia ,Mayo,principiante, alto ,REDES SOCIALES,PENDIENTE,29,173,10,187,479,3,9900.93,255011.96,16.7,6.5,33.5
12063, Liu Wen ,IMG MODELS,China,PASARELA,Femenino,Met Gala,new york,ESTADOS UNIDOS,Mayo, leyenda ,Muy Alto,Pasarela,PENDIENTE,33,170,16,182,484,8,27323.73,197852.48,19.4,5.0,63.6
12064,romee strijd,IMG Models ,Paises Bajos,Comercial,Femenino,new york fashion week, New York ,Estados Unidos,Febrero/Septiembre,Intermedio, alto ,Publicidad, Activo ,41,180,17,219,502,9,6727.24,5434.97,19.6,7.5,53.1
12065,precious lee,  IMG Models,ESTADOS UNIDOS,Plus Size ,Femenino,miami swim week,Miami, Estados Unidos ,Julio,EXPERTO,bajo, publicidad , renegociacion ,24,167,13,204,441,8,29469.71,875936.05,18.2,3.4,37.7
12066,Ashley Graham, IMG Models ,  Brasil,Plus Size ,Femenino,TOKYO FASHION WEEK, Tokio ,Japon,Marzo/Octubre, avanzado ,Muy Alto, editorial , pendiente ,41,184,13,185,497,4,7833.48,807176.74,18.2,6.1,26.8
12067, Sean O Pry ,  IMG Models,Estados Unidos,modelo masculino,Masculino,Madrid Fashion Week, Madrid , España ,Febrero/Septiembre, avanzado ,bajo,pasarela,PENDIENTE,36,168,18,197,488,6,5967.66,55161.13,17.3,5.6,5.7
12068, Adriana Lima ,IMG Models,Brasil,supermodelo,Femenino,mexico fashion week,  Ciudad de Mexico,Mexico ,Mayo/Octubre,EXPERTO,MEDIO, Pasarela ,Renegociacion,17,183,14,201,443,7,9076.77,430023.0,16.5,7.0,12.1
12069,ALESSANDRA AMBROSIO,IMG MODELS,brasil,  Victoria Secret,Femenino,Madrid Fashion Week,MADRID,ESPAÑA,Febrero/Septiembre,PRINCIPIANTE, alto ,COMERCIAL, pendiente ,35,167,9,184,509,7,21560.47,311793.49,,,21.7
12070, Andres Velencoso ,  View Management,España , Modelo Masculino ,Masculino, Paris Fashion Week ,PARÍS,francia,Marzo/Septiembre,LEYENDA,alto,publicidad,FINALIZADO,43,183,7,176,497,4,2020.16,63183.75,,9.4,36.6
12071, David Gandy ,Premier Model Management ,ESTADOS UNIDOS,modelo masculino,Masculino,miami swim week,Miami , Estados Unidos ,Julio,Intermedio,BAJO,editorial,finalizado,30,184,9,189,499,5,3280.16,1970422.89,20.9,10.7,28.8
12072,Hailey Bieber, IMG Models , Estados Unidos ,Emergente,Femenino, Victoria Secret Show ,Variada,Variado,Noviembre,Leyenda,Muy Alto,Comercial,Renegociacion,43,171,18,191,472,13,45375.82,120842.12,17.2,5.3,13.6
12073,gigi hadid,IMG MODELS, Estados Unidos ,EMERGENTE,Femenino, Madrid Fashion Week ,MADRID,ESPAÑA,Febrero/Septiembre, avanzado ,MUY ALTO,Redes Sociales,RENEGOCIACION,22,184,25,209,487,11,2894.52,,19.3,11.5,0.3
12074, Alessandra Ambrosio ,  IMG Models,BRASIL,Victoria Secret ,Femenino, Mexico Fashion Week ,Ciudad de Mexico ,mexico,Mayo/Octubre,Experto,Alto,publicidad, finalizado ,27,173,8,203,479,4,12580.48,451745.72,16.8,5.9,27.4
12075, Martha Hunt ,  IMG Models,  Estados Unidos,COMERCIAL,Femenino,NEW YORK FASHION WEEK,New York,Estados Unidos,Febrero/Septiembre,AVANZADO, Bajo , Pasarela ,finalizado,44,165,16,207,570,8,12988.05,671362.09,19.3,7.8,13.5
12076,Lais Ribeiro, IMG Models ,  Brasil,Victoria Secret,Femenino, Milan Fashion Week ,MILÁN,ITALIA,Febrero/Septiembre,Avanzado,Medio,publicidad,Finalizado,23,172,14,210,511,6,10089.13,16490.7,50.0,8.5,53.1
12077, Kendall Jenner ,IMG Models ,  Estados Unidos,EMERGENTE,Femenino,MILAN FASHION WEEK, Milán ,Italia,Febrero/Septiembre, intermedio , Bajo , publicidad , finalizado ,30,171,6,204,529,4,15523.8,537522.55,18.0,,1.0
12078, Barbara Palvin ,IMG Models,Hungria ,Victoria Secret ,Femenino,Sao Paulo Fashion Week, Sao Paulo ,  Brasil,Abril/Octubre, Principiante ,Muy Alto, redes sociales , renegociacion ,18,182,14,200,513,5,3917.1,379955.42,19.4,6.4,35.2
12079,Andres Velencoso,View Management , España ,modelo masculino,Masculino,Victoria Secret Show,Variada,  Variado,Noviembre,Principiante, alto , editorial ,RENEGOCIACION,29,172,12,193,547,12,12066.62,54497.45,17.8,3.9,113.5
12080,SEAN O PRY,IMG Models,Estados Unidos , Modelo Masculino ,Masculino,madrid fashion week,Madrid,ESPAÑA,Febrero/Septiembre,intermedio,ALTO, editorial , Activo ,32,165,15,179,500,9,6982.37,94687.51,16.4,10.5,7.7
12081,LIU WEN,img models,  China,Pasarela ,Femenino,tokyo fashion week,TOKIO,japon,Marzo/Octubre, experto , alto ,Editorial, renegociacion ,19,175,16,210,529,7,16255.88,419635.1,19.6,5.8,25.5
12082, Andres Velencoso ,  View Management,  España,Modelo Masculino ,Masculino,LONDON FASHION WEEK,LONDRES,reino unido,Febrero/Septiembre,Leyenda,Medio, comercial ,FINALIZADO,33,182,17,208,512,11,2283.7,175742.51,16.8,6.8,3.8
12083, Adut Akech ,  IMG Models,sudan del sur,Pasarela ,Femenino,Madrid Fashion Week,Madrid,España,Febrero/Septiembre,Experto,MEDIO,Editorial,PENDIENTE,23,174,13,189,480,10,12690.19,1392863.15,19.3,,39.3
12084,gigi hadid,IMG MODELS, Estados Unidos ,  Emergente,Femenino,london fashion week,  Londres,REINO UNIDO,Febrero/Septiembre,leyenda,Muy Alto,COMERCIAL, finalizado ,19,167,17,213,493,11,3073.48,853912.04,20.0,6.8,32.0
12085, Lais Ribeiro ,img models,  Brasil,  Victoria Secret,Femenino,oscars red carpet,Los Angeles, Estados Unidos ,Febrero, Principiante ,bajo, redes sociales ,FINALIZADO,17,171,21,190,467,13,4899.32,2054238.17,17.9,5.8,20.9
12086,sean o pry,  IMG Models,Estados Unidos,Supermodelo  ,Masculino,australia fashion week,Sydney ,  Australia,Mayo,Avanzado,bajo, publicidad ,renegociacion,21,180,23,194,529,9,3702.13,150330.19,20.3,8.9,29.5
12087,EMILY RATAJKOWSKI,IMG Models, Estados Unidos ,Emergente,Femenino,Miami Swim Week,Miami ,estados unidos,Julio,Avanzado,bajo,comercial,activo,37,180,16,224,504,7,3028.76,1748693.92,19.2,7.7,90.8
12088, Joan Smalls , IMG Models ,Puerto Rico ,Pasarela ,Femenino,milan fashion week,Milán ,  Italia,Febrero/Septiembre,EXPERTO,Medio,redes sociales, pendiente ,25,184,22,232,530,5,26205.6,,17.5,6.1,8.7
12089, Naomi Campbell ,Premier Model Management, Reino Unido ,  Supermodelo,Femenino,Cannes Film Festival, Cannes , Francia ,Mayo,INTERMEDIO,ALTO, comercial ,Pendiente,19,181,6,185,489,8,5046.94,213486.47,20.6,9.5,
12090,Adriana Lima,  IMG Models,BRASIL,  Supermodelo,Femenino, Victoria Secret Show , Variada , Variado ,Noviembre, leyenda , muy alto ,redes sociales,Activo,37,166,13,219,522,9,39284.89,25830.64,16.8,8.0,79.1
12091, Kate Moss ,  Storm Model Management,Reino Unido,SUPERMODELO,Femenino, Paris Fashion Week ,París ,Francia ,Marzo/Septiembre,avanzado,MUY ALTO,EDITORIAL,Finalizado,44,165,16,214,521,6,52561.68,27104.17,8.0,3.8,34.4
12092,MARTHA HUNT,IMG Models,  Estados Unidos,Comercial,Femenino, Berlin Fashion Week ,Berlin ,Alemania,Enero/Julio, experto ,Medio, editorial ,renegociacion,33,180,19,208,523,7,12703.59,588846.02,18.2,9.3,88.5
12093, Paloma Elsesser , IMG Models ,ESTADOS UNIDOS,plus size,Femenino,MADRID FASHION WEEK,  Madrid,España,Febrero/Septiembre,INTERMEDIO,Medio, redes sociales ,finalizado,41,176,14,189,503,7,2314.78,,19.4,7.9,36.3
12094,sara sampaio,img models,portugal,VICTORIA SECRET,Femenino,London Fashion Week,Londres,Reino Unido,Febrero/Septiembre, Principiante ,ALTO,PASARELA,Pendiente,27,169,20,230,488,10,7039.22,,20.2,10.3,66.5
12095, Naomi Campbell ,  Premier Model Management, Reino Unido ,  Supermodelo,Femenino,berlin fashion week, Berlin ,ALEMANIA,Enero/Julio,Intermedio,ALTO,Redes Sociales,PENDIENTE,17,169,14,185,493,10,23972.45,475920.49,20.1,7.7,22.5
12096,lais ribeiro,IMG MODELS, Brasil ,plus size,Femenino,SAO PAULO FASHION WEEK,Sao Paulo ,brasil,Abril/Octubre,PRINCIPIANTE,medio,COMERCIAL,FINALIZADO,25,173,24,224,493,6,6868.53,145750.09,18.8,5.9,55.4
12097,Emily Ratajkowski,IMG Models,estados unidos,EMERGENTE,Femenino,CANNES FILM FESTIVAL,  Cannes,francia,Mayo,EXPERTO,Muy Alto,Redes Sociales, pendiente ,19,173,12,208,482,4,1365.57,430938.86,18.1,,97.7
12098, Joan Smalls ,IMG Models,PUERTO RICO,PASARELA,Femenino, Paris Fashion Week ,parís,Francia ,Marzo/Septiembre,intermedio,alto, publicidad ,Renegociacion,29,167,16,230,481,4,12205.5,222525.77,15.8,9.1,34.0
12099,Emily Ratajkowski,IMG MODELS,Estados Unidos,Emergente,Femenino,Milan Fashion Week,MILÁN,  Italia,Febrero/Septiembre,EXPERTO,ALTO,PASARELA, pendiente ,31,183,9,218,507,4,27976.65,867365.17,16.5,6.0,8.0
12100,Bella Hadid,IMG Models,  Estados Unidos,emergente,Femenino,australia fashion week,Sydney ,Australia ,Mayo,PRINCIPIANTE, muy alto ,REDES SOCIALES, renegociacion ,30,180,15,192,508,9,23839.12,859336.74,21.1,6.6,12.5
12101, Gisele Bündchen ,IMG MODELS,BRASIL,supermodelo,Femenino,AUSTRALIA FASHION WEEK, Sydney ,Australia ,Mayo,AVANZADO,alto, Pasarela ,FINALIZADO,23,180,15,188,492,7,2887.82,324422.01,15.7,7.1,8.9
12102,taylor hill,IMG MODELS,Estados Unidos ,Comercial ,Femenino,sao paulo fashion week,Sao Paulo , Brasil ,Abril/Octubre, avanzado , muy alto ,pasarela,Finalizado,29,167,16,175,501,11,16756.13,216021.94,17.3,5.2,11.3
12103, Romee Strijd ,IMG MODELS,  Paises Bajos,  Comercial,Femenino, Miami Swim Week ,miami,Estados Unidos,Julio,PRINCIPIANTE,Bajo,redes sociales, renegociacion ,38,184,20,193,492,8,3736.62,225147.4,20.2,6.0,14.6
12104,liu wen, IMG Models ,CHINA, Pasarela ,Femenino,Sao Paulo Fashion Week,Sao Paulo,BRASIL,Abril/Octubre,leyenda, alto ,Redes Sociales, renegociacion ,43,165,10,173,505,12,3692.49,819213.34,18.8,7.8,32.4
12105,Andres Velencoso,view management,España,Modelo Masculino,Masculino,new york fashion week, New York ,estados unidos,Febrero/Septiembre,leyenda,ALTO,EDITORIAL,RENEGOCIACION,40,184,18,202,507,10,31080.65,198882.03,19.9,9.9,35.5
12106,MARTHA HUNT,img models, Estados Unidos ,comercial,Femenino,milan fashion week,Milán,ITALIA,Febrero/Septiembre,avanzado, Bajo ,REDES SOCIALES,pendiente,23,175,17,192,523,4,4308.61,117266.19,19.3,15.0,22.2
12107, Kate Moss ,Storm Model Management ,REINO UNIDO,  Supermodelo,Femenino,VICTORIA SECRET SHOW,VARIADA,Variado,Noviembre,avanzado,muy alto,redes sociales, finalizado ,36,181,10,220,554,3,4582.55,44245.33,20.7,7.4,38.2
12108,SARA SAMPAIO, IMG Models ,portugal,  Victoria Secret,Femenino,australia fashion week,  Sydney,Australia,Mayo,intermedio,alto,Editorial,pendiente,31,172,13,188,478,5,9.8,314329.13,18.9,5.8,3.4
12109,barbara palvin,IMG Models ,Hungria,Victoria Secret,Femenino,Berlin Fashion Week,Berlin,alemania,Enero/Julio,intermedio,Bajo,editorial,Pendiente,28,168,14,218,510,10,30680.71,329017.54,19.5,9.7,3.7
12110, Hailey Bieber ,  IMG Models, Estados Unidos ,Emergente,Femenino,Miami Swim Week,Miami , Estados Unidos ,Julio, avanzado , muy alto ,PUBLICIDAD, renegociacion ,33,170,21,219,490,5,23596.21,919138.55,17.4,8.4,7.5
12111,GIGI HADID,img models,Estados Unidos,  Emergente,Femenino,  Paris Fashion Week  ,  Sydney,  Australia,Mayo,Leyenda,Alto,Redes Sociales,pendiente,30,172,15,228,499,4,14805.89,125025.35,19.4,6.1,29.2
12112,ANDRES VELENCOSO,view management,  España,Modelo Masculino ,Masculino,LONDON FASHION WEEK,londres,Reino Unido ,Febrero/Septiembre, intermedio , medio ,COMERCIAL,activo,36,184,14,212,485,10,20810.37,239817.95,17.9,9.3,9.6
12113, Joan Smalls ,img models,puerto rico,pasarela,Femenino,LONDON FASHION WEEK,Londres, Reino Unido ,Febrero/Septiembre, Principiante ,bajo, Pasarela ,activo,39,167,15,199,522,6,2473.98,826187.68,17.8,8.6,13.3
12114,KARLIE KLOSS,IMG Models,  Estados Unidos, Supermodelo ,Femenino, Milan Fashion Week ,milán,Italia,Febrero/Septiembre,INTERMEDIO, muy alto ,EDITORIAL,ACTIVO,41,180,15,212,487,10,9196.3,867567.5,19.8,5.9,20.5
12115, Kendall Jenner ,IMG Models ,  Estados Unidos, Emergente ,Femenino,Berlin Fashion Week,  Berlin,Alemania,Enero/Julio,Intermedio,medio,REDES SOCIALES,activo,40,167,17,197,514,11,,242750.41,19.9,7.3,
12116,BELLA HADID, IMG Models ,Estados Unidos , Emergente ,Femenino,victoria secret show, Sydney , Australia ,Mayo, intermedio ,Muy Alto, comercial ,Activo,43,182,8,188,494,5,1477.04,307282.64,21.0,6.5,0.6
12117,Jon Kortajarena,View Management ,España,MODELO MASCULINO,Masculino,CANNES FILM FESTIVAL, Cannes ,Francia ,Mayo, experto ,Medio,PASARELA,renegociacion,43,178,10,194,477,8,9986.79,180690.06,20.9,,
12118, Martha Hunt ,  IMG Models,Estados Unidos,comercial,Femenino, Madrid Fashion Week ,Madrid ,España ,Febrero/Septiembre,Principiante, medio ,Redes Sociales,Pendiente,43,182,10,191,477,6,38025.26,1348220.51,19.9,8.6,44.2
12119,Halima Aden,img models,SOMALIA,PASARELA,Femenino,NEW YORK FASHION WEEK,New York ,Estados Unidos,Febrero/Septiembre, avanzado ,bajo,COMERCIAL, pendiente ,28,166,11,165,514,9,613.25,63146.69,15.9,7.9,64.1
12120,Cindy Crawford, Elite Model Management ,estados unidos,SUPERMODELO,Femenino, Australia Fashion Week ,Sydney ,  Australia,Mayo,leyenda, Bajo ,pasarela,ACTIVO,24,167,21,195,504,11,5168.25,1357155.55,21.2,8.4,108.0
12121,ASHLEY GRAHAM,IMG Models ,estados unidos,  Plus Size,Femenino, Miami Swim Week ,miami,Estados Unidos ,Julio,LEYENDA,MEDIO,COMERCIAL,Pendiente,44,180,17,213,522,13,3489.22,575795.27,19.9,-5.0,0.8
12122,liu wen,img models,China ,PASARELA,Femenino,Mexico Fashion Week,CIUDAD DE MEXICO,Mexico ,Mayo/Octubre, avanzado ,Bajo,Editorial,Activo,30,173,11,197,551,4,4080.02,379186.6,17.4,7.3,6.7
12123,Ashley Graham,img models,estados unidos,Plus Size ,Femenino,Miami Swim Week,MIAMI,estados unidos,Julio,EXPERTO,MUY ALTO,Redes Sociales,PENDIENTE,28,168,11,230,523,8,35860.52,16602.14,19.6,6.3,86.9
12124,Joan Smalls, IMG Models ,Puerto Rico,Pasarela ,Femenino, Australia Fashion Week ,SYDNEY,  Australia,Mayo,leyenda,ALTO,comercial,RENEGOCIACION,16,165,11,205,481,5,9468.62,322746.63,16.9,9.2,24.5
12125,Gisele Bündchen,  IMG Models,Brasil ,Supermodelo,Femenino,PARIS FASHION WEEK, París ,francia,Marzo/Septiembre,Intermedio,muy alto,COMERCIAL, finalizado ,40,168,10,229,507,11,9418.8,261911.62,19.4,7.2,33.3
12126,alessandra ambrosio,IMG MODELS,brasil,Victoria Secret,Femenino,BERLIN FASHION WEEK, Berlin ,ALEMANIA,Enero/Julio, leyenda ,Medio,REDES SOCIALES,activo,22,165,11,204,525,8,21442.77,87902.7,16.5,5.4,43.5
12127,gisele bundchen, IMG Models ,Brasil ,supermodelo,Femenino,Victoria Secret Show,VARIADA, Variado ,Noviembre,PRINCIPIANTE,muy alto,pasarela, renegociacion ,24,178,15,188,490,3,2517.27,534152.52,17.3,5.0,
12128,Kendall Jenner,IMG MODELS,estados unidos,emergente,Femenino,Australia Fashion Week,  Sydney,Australia,Mayo,PRINCIPIANTE,MEDIO,redes sociales, renegociacion ,39,180,16,188,520,10,,1772838.37,19.6,10.6,107.4
12129,gigi hadid,  IMG Models,estados unidos,Emergente ,Femenino,miami swim week,Miami ,Estados Unidos ,Julio,avanzado,muy alto,COMERCIAL,Activo,16,184,7,212,523,12,8431.39,412983.77,20.1,7.8,231.7
12130,precious lee,IMG Models,ESTADOS UNIDOS,Plus Size,Femenino,Miami Swim Week,Miami,ESTADOS UNIDOS,Julio,Experto, muy alto ,publicidad,Activo,27,172,11,196,511,7,13628.96,627200.39,19.0,6.3,50.9
12131,jon kortajarena, View Management ,españa,  Modelo Masculino,Masculino,MIAMI SWIM WEEK,París  ,estados unidos,Julio, experto ,bajo,Pasarela,renegociacion,23,171,13,208,508,8,115852.94,35452.95,18.1,7.0,13.5
12132, Adriana Lima ,IMG MODELS,Brasil ,Supermodelo,Femenino,Victoria Secret Show,  Variada,Variado ,Noviembre,Leyenda,Medio,Comercial,Activo,39,167,16,214,505,2,22009.24,,15.3,9.1,84.7
12133,Gigi Hadid,  IMG Models,Estados Unidos,EMERGENTE,Femenino,berlin fashion week,BERLIN, Alemania ,Enero/Julio,experto,MEDIO,Publicidad,Activo,26,181,14,188,516,6,7609.12,61851.91,18.2,6.9,2.0
12134,hailey bieber,IMG Models ,ESTADOS UNIDOS, Emergente ,Femenino, Milan Fashion Week ,Milán,italia,Febrero/Septiembre,experto,ALTO,Pasarela,Finalizado,34,165,15,204,480,2,26364.98,474401.58,,4.6,10.5
12135, Naomi Campbell ,premier model management,reino unido,  Supermodelo,Femenino, Australia Fashion Week ,SYDNEY,  Australia,Mayo,LEYENDA, muy alto ,EDITORIAL,finalizado,32,180,9,177,507,11,2807.75,1394214.02,18.0,8.2,91.1
12136,ANJA RUBIK,IMG Models,polonia, Pasarela ,Femenino,MIAMI SWIM WEEK,Miami,  Estados Unidos,Julio,PRINCIPIANTE,Muy Alto,REDES SOCIALES,Activo,23,176,15,190,481,11,464.06,,18.5,9.9,200.0
12137,NAOMI CAMPBELL, Premier Model Management ,Reino Unido , Supermodelo ,Femenino,london fashion week,Londres ,Reino Unido,Febrero/Septiembre,Intermedio,ALTO,PASARELA,renegociacion,18,183,12,218,506,8,3430.79,39956.34,,9.8,10.0
12138,ashley graham,IMG MODELS,ESTADOS UNIDOS,Plus Size ,Femenino, Miami Swim Week ,  Miami,Estados Unidos ,Julio,AVANZADO,medio,pasarela,pendiente,18,178,11,206,513,14,6242.09,218993.79,18.0,6.4,5.9
12139,Ashley Graham,IMG Models ,estados unidos, Plus Size ,Femenino, Cannes Film Festival , Cannes ,FRANCIA,Mayo,PRINCIPIANTE,MUY ALTO,comercial, Activo ,16,170,10,177,495,13,10718.04,399991.48,18.6,10.0,78.4
12140,cindy crawford,ELITE MODEL MANAGEMENT,Estados Unidos, Supermodelo ,Femenino,Victoria Secret Show,VARIADA,Variado,Noviembre,EXPERTO,ALTO, publicidad , Activo ,42,170,16,195,471,2,14322.71,258093.11,18.1,7.9,27.7
12141,ANJA RUBIK,  IMG Models,  Polonia,PASARELA,Femenino, Berlin Fashion Week ,BERLIN,Alemania ,Enero/Julio,EXPERTO,ALTO,PASARELA,Pendiente,20,177,19,210,515,12,,896812.64,20.7,10.0,44.9
12142,Liu Wen, IMG Models ,China,pasarela,Femenino,LONDON FASHION WEEK,  Londres,Reino Unido ,Febrero/Septiembre,Leyenda,Alto,redes sociales, pendiente ,25,183,9,176,485,7,10695.78,842811.34,15.2,8.6,10.9
12143,Andres Velencoso,  View Management,españa,Modelo Masculino ,Masculino, Paris Fashion Week ,  París,Francia ,Marzo/Septiembre, avanzado , muy alto ,pasarela,PENDIENTE,22,172,16,208,463,9,10435.53,473157.26,17.7,4.5,56.8
12144,BELLA HADID,IMG MODELS,Estados Unidos,Emergente,Femenino,NEW YORK FASHION WEEK,New York ,Estados Unidos ,Febrero/Septiembre,Intermedio,MEDIO,PASARELA,Finalizado,41,166,14,217,478,6,773.24,233769.69,17.2,11.0,57.1
12145, Sara Sampaio , IMG Models ,PORTUGAL,VICTORIA SECRET,Femenino,VICTORIA SECRET SHOW,variada,Variado ,Noviembre,leyenda, medio , comercial , finalizado ,24,165,12,199,481,8,533.03,147411.34,18.8,7.6,15.0
12146, David Gandy ,PREMIER MODEL MANAGEMENT,reino unido, Modelo Masculino ,Masculino,Miami Swim Week,MIAMI,Estados Unidos,Julio,LEYENDA,Alto,pasarela,Finalizado,43,179,17,215,458,9,12016.33,55954.47,18.6,8.7,21.2
12147,liu wen,img models,China ,Pasarela,Femenino,mexico fashion week,Ciudad de Mexico, Mexico ,Mayo/Octubre,intermedio,alto,publicidad,Renegociacion,22,165,16,207,458,7,8648.57,219173.17,20.9,4.8,9.4
12148,Taylor Hill, IMG Models ,ESTADOS UNIDOS,COMERCIAL,Femenino,VICTORIA SECRET SHOW,Variada , Variado ,Noviembre,Intermedio, medio ,comercial,ACTIVO,24,169,9,190,481,8,,266512.2,21.4,8.5,150.1
12149,david gandy, Premier Model Management ,Reino Unido,  Modelo Masculino,Masculino, Madrid Fashion Week ,  Madrid,España,Febrero/Septiembre,experto,alto,editorial, finalizado ,23,180,12,213,530,6,2627.44,563232.69,17.3,9.7,41.5
12150,Jon Kortajarena,View Management,españa,  Modelo Masculino,Masculino, Met Gala ,new york,  Estados Unidos,Mayo,Leyenda,alto,Editorial,Renegociacion,27,183,11,209,502,7,379.33,536705.99,,11.4,109.1
12151,EMILY RATAJKOWSKI,img models,ESTADOS UNIDOS,Emergente ,Femenino,MEXICO FASHION WEEK,CIUDAD DE MEXICO, Mexico ,Mayo/Octubre,principiante,MEDIO,comercial,RENEGOCIACION,17,168,11,208,489,10,8941.36,36343.49,18.8,,-20.0
12152,Martha Hunt, IMG Models ,Estados Unidos, Comercial ,Femenino, Sao Paulo Fashion Week ,SAO PAULO,BRASIL,Abril/Octubre, Principiante , muy alto , publicidad , pendiente ,16,167,8,205,504,9,4066.87,251477.77,17.3,8.6,60.9
12153,Barbara Palvin,IMG Models ,hungria,Victoria Secret ,Femenino,Mexico Fashion Week,  Ciudad de Mexico,MEXICO,Mayo/Octubre,Leyenda,ALTO,Comercial, pendiente ,31,181,9,184,498,9,763.31,100311.32,19.4,4.4,58.1
12154,JOAN SMALLS,IMG MODELS,  Puerto Rico,  Pasarela,Femenino, Milan Fashion Week ,  Milán,  Italia,Febrero/Septiembre,Intermedio, muy alto ,COMERCIAL,finalizado,38,181,19,219,504,2,19342.87,85283.08,18.1,7.8,47.1
12155, Kate Moss ,Storm Model Management , Reino Unido ,SUPERMODELO,Femenino,Mexico Fashion Week,  Ciudad de Mexico,Mexico,Mayo/Octubre,avanzado, alto ,Comercial,ACTIVO,38,176,11,215,476,6,1774.88,878105.87,16.9,6.3,134.8
12156,SEAN O PRY,IMG MODELS,Estados Unidos ,Modelo Masculino,Masculino,NEW YORK FASHION WEEK, New York ,ESTADOS UNIDOS,Febrero/Septiembre,  Experto  ,Alto,Comercial,activo,39,178,22,193,479,9,14059.63,21409.5,18.1,8.0,20.0
12157,Alessandra Ambrosio,  IMG Models,Brasil,victoria secret,Femenino,MEXICO FASHION WEEK,ciudad de mexico,Mexico,Mayo/Octubre,intermedio,alto,PASARELA,ACTIVO,20,170,16,184,465,4,4949.45,271659.67,17.0,5.1,5.6
12158,ADUT AKECH,IMG MODELS,  Sudan del Sur, Pasarela ,Femenino,LONDON FASHION WEEK,Londres ,REINO UNIDO,Febrero/Septiembre,AVANZADO, Bajo ,redes sociales,Renegociacion,18,167,18,215,518,13,2858.26,92083.82,20.1,7.1,44.6
12159,Sean O Pry,IMG Models,Estados Unidos,Modelo Masculino ,Masculino,Milan Fashion Week,  Milán,italia,Febrero/Septiembre, intermedio ,Muy Alto,Editorial,Renegociacion,27,173,13,205,511,8,7164.53,1057348.76,21.4,6.5,52.3
12160, Sean O Pry ,  IMG Models, Estados Unidos ,Modelo Masculino,Masculino, Cannes Film Festival ,Cannes,  Francia,Mayo, avanzado ,Muy Alto, publicidad ,Renegociacion,23,169,15,205,541,11,24250.4,407138.48,18.9,6.4,34.2
12161, Naomi Campbell , Premier Model Management , Reino Unido ,Supermodelo,Femenino,Tokyo Fashion Week,TOKIO,  Japon,Marzo/Octubre,Leyenda, alto ,editorial, renegociacion ,37,181,9,212,493,6,7466.01,131579.7,18.7,6.4,9.3
12162,Martha Hunt,IMG MODELS,ESTADOS UNIDOS,comercial,Femenino, Victoria Secret Show ,Variada ,  Variado,Noviembre,avanzado,Medio,editorial,activo,42,178,12,211,502,8,20840.67,349006.79,18.7,7.2,
12163, Sean O Pry ,IMG Models,Estados Unidos ,MODELO MASCULINO,Masculino, Madrid Fashion Week , Madrid ,España,Febrero/Septiembre,PRINCIPIANTE,alto,redes sociales,Activo,18,167,10,238,501,7,2011.31,657426.78,20.3,8.1,15.0
12164,GIGI HADID,IMG Models ,Estados Unidos ,emergente,Femenino,Oscars Red Carpet,  Los Angeles,Estados Unidos ,Febrero,Avanzado,bajo,Comercial,pendiente,16,165,15,205,464,11,22226.98,1586449.68,20.2,2.5,22.3
12165, Bella Hadid ,  IMG Models,Estados Unidos,emergente,Femenino,met gala,NEW YORK,  Estados Unidos,Mayo,INTERMEDIO,alto,Redes Sociales,ACTIVO,18,184,13,179,471,8,4056.15,124516.66,18.3,2.7,41.5
12166,naomi campbell,  Premier Model Management, Reino Unido ,SUPERMODELO,Femenino,SAO PAULO FASHION WEEK,sao paulo,BRASIL,Abril/Octubre,leyenda,BAJO,Editorial, renegociacion ,-5,165,13,208,520,11,16969.81,1086576.3,18.9,6.8,54.7
12167, Sean O Pry ,IMG Models,Estados Unidos ,MODELO MASCULINO,Masculino, London Fashion Week ,  Londres,reino unido,Febrero/Septiembre,Avanzado, alto , editorial ,renegociacion,30,167,12,191,438,2,12513.11,1361359.49,19.5,7.1,10.6
12168,romee strijd,IMG Models ,paises bajos,COMERCIAL,Femenino, Tokyo Fashion Week ,  Tokio,Japon,Marzo/Octubre,Intermedio,MUY ALTO,Pasarela,FINALIZADO,29,182,18,173,484,5,39706.74,1240978.77,16.8,7.9,20.8
12169,DAVID GANDY,  Premier Model Management,Reino Unido ,Modelo Masculino,Masculino,Paris Fashion Week,  París,FRANCIA,Marzo/Septiembre,avanzado,Alto,Pasarela, Activo ,18,174,15,194,463,5,7348.75,504496.9,20.3,6.0,12.5
12170, Cindy Crawford , Elite Model Management ,Estados Unidos,Supermodelo,Femenino,australia fashion week,  Sydney,Australia ,Mayo, leyenda , muy alto ,publicidad,activo,16,167,13,211,503,6,1026.84,496883.84,21.1,,8.9
12171, Kendall Jenner ,IMG MODELS,  Estados Unidos, Emergente ,Femenino,SAO PAULO FASHION WEEK,Sao Paulo ,BRASIL,Abril/Octubre,leyenda,MEDIO,COMERCIAL, pendiente ,60,172,10,211,493,12,290.12,258095.52,20.2,7.8,61.2
12172, Adut Akech ,img models,  Sudan del Sur,  Pasarela,Femenino,tokyo fashion week,Tokio,  Japon,Marzo/Octubre,PRINCIPIANTE,MEDIO,redes sociales,PENDIENTE,41,178,23,199,506,5,26304.7,697966.09,16.6,6.0,96.0
12173,ANJA RUBIK,IMG Models ,Polonia , Pasarela ,Femenino,BERLIN FASHION WEEK,  Berlin,alemania,Enero/Julio,Leyenda,Alto,comercial, renegociacion ,38,182,8,208,538,7,11158.26,378889.81,15.5,9.5,18.5
12174,PALOMA ELSesser,IMG MODELS,ESTADOS UNIDOS,plus size,Femenino, Tokyo Fashion Week ,  Tokio,  Japon,Marzo/Octubre,intermedio,Alto,redes sociales,Finalizado,29,179,16,197,469,7,22391.1,565730.07,19.6,7.9,55.7
12175,paloma elsesser,img models, Estados Unidos ,plus size,Femenino, Met Gala , New York , Estados Unidos ,Mayo,LEYENDA,Medio,Comercial,activo,22,166,10,184,492,13,4006.93,279708.57,17.4,8.6,90.9
12176,David Gandy,  Premier Model Management,  Reino Unido, Modelo Masculino ,Masculino,Milan Fashion Week,Milán ,  Italia,Febrero/Septiembre,LEYENDA, Bajo ,Pasarela  ,ACTIVO,42,140,11,208,529,9,6348.72,657445.6,18.9,7.6,74.9
12177,KATE MOSS,storm model management,Reino Unido,Supermodelo ,Femenino,Madrid Fashion Week,MADRID, España ,Febrero/Septiembre,Intermedio, medio , editorial ,Finalizado,24,166,17,176,520,8,458.49,869976.98,20.8,11.7,8.1
12178, Sara Sampaio ,IMG Models ,Portugal,  Victoria Secret,Femenino,victoria secret show,Variada,  Variado,Noviembre,intermedio, medio ,COMERCIAL,activo,30,181,13,206,462,8,48853.47,79167.53,17.5,8.7,125.2
12179,sara sampaio,IMG MODELS, Portugal ,victoria secret,Femenino,victoria secret show,VARIADA,variado,Noviembre, leyenda ,bajo, publicidad ,pendiente,30,172,14,232,476,4,16533.34,894670.35,17.9,,18.9
12180, Barbara Palvin ,  IMG Models, Hungria ,Victoria Secret ,Femenino,MIAMI SWIM WEEK,MIAMI,estados unidos,Julio, leyenda , medio ,Editorial,FINALIZADO,41,165,14,197,490,10,40591.93,388586.82,18.9,9.1,16.6
12181, Taylor Hill ,  IMG Models, Estados Unidos ,Comercial ,Femenino,Tokyo Fashion Week,tokio,Japon,Marzo/Octubre,AVANZADO, medio ,Publicidad,activo,25,220,14,197,509,13,4628.41,931088.53,16.6,4.2,2.6
12182,ROMEE STRIJD,  IMG Models,  Paises Bajos,  Comercial,Femenino, Victoria Secret Show ,variada,  Variado,Noviembre,LEYENDA,bajo,EDITORIAL,PENDIENTE,43,175,18,196,471,6,14180.53,282202.61,17.4,7.7,26.6
12183,Emily Ratajkowski,  IMG Models,Estados Unidos,EMERGENTE,Femenino,Victoria Secret Show,VARIADA, Variado ,Noviembre,principiante, Bajo , Pasarela ,Pendiente,28,180,12,221,539,9,17021.36,238244.7,18.5,8.1,4.6
12184, Kate Moss ,storm model management, Reino Unido ,Supermodelo,Femenino,cannes film festival, Cannes ,Francia,Mayo,Principiante,muy alto,pasarela,Renegociacion,34,171,14,187,507,9,5730.98,1232909.39,18.0,7.8,11.4
12185,LAIS RIBEIRO,  IMG Models,  Brasil, Victoria Secret ,Femenino,Cannes Film Festival,cannes,FRANCIA,Mayo,PRINCIPIANTE,ALTO,comercial,ACTIVO,22,174,21,206,476,9,28268.91,144621.16,19.4,6.8,15.2
12186,alessandra ambrosio,IMG Models, Brasil ,  Victoria Secret,Femenino, Victoria Secret Show ,variada,variado,Noviembre,principiante, muy alto , redes sociales ,finalizado,32,167,-10,218,493,3,44107.72,929630.63,22.6,5.5,66.2
12187, Bella Hadid ,  IMG Models,Estados Unidos,Emergente,Femenino,Milan Fashion Week,milán,Italia,Febrero/Septiembre,LEYENDA, Bajo ,Pasarela,pendiente,35,182,10,242,491,8,32423.46,330844.19,18.6,5.9,83.3
12188,sean o pry,  IMG Models,Estados Unidos, Modelo Masculino ,Masculino,cannes film festival,cannes,francia,Mayo,Avanzado,Medio, editorial , pendiente ,44,177,16,218,487,9,20152.37,360871.53,,7.7,14.4
12189,DAVID GANDY,Premier Model Management,REINO UNIDO,Modelo Masculino,Masculino, Mexico Fashion Week ,Ciudad de Mexico,Mexico,Mayo/Octubre,INTERMEDIO,Bajo,EDITORIAL,Renegociacion,19,171,10,212,496,7,4874.83,184423.13,20.6,5.3,78.3
12190,BARBARA PALVIN,IMG MODELS,Hungria , Victoria Secret ,Femenino,TOKYO FASHION WEEK,TOKIO,JAPON,Marzo/Octubre,LEYENDA,medio,PASARELA,FINALIZADO,20,168,12,211,509,6,4961.27,425535.05,16.1,,77.9
12191,SARA SAMPAIO, IMG Models ,portugal,Victoria Secret,Femenino,AUSTRALIA FASHION WEEK,Sydney,AUSTRALIA,Mayo,experto,muy alto, Pasarela ,Renegociacion,38,177,200,182,508,4,,196677.76,16.4,2.2,57.9
12192,ANDRES VELENCOSO,View Management,España,MODELO MASCULINO,Masculino, Madrid Fashion Week ,Madrid ,España ,Febrero/Septiembre, leyenda , muy alto , redes sociales ,Pendiente,22,184,10,224,474,16,155.07,20030.63,17.6,6.9,6.3
12193,SEAN O PRY,IMG Models ,estados unidos,Modelo Masculino ,Masculino, Victoria Secret Show ,Variada , Variado ,Noviembre,Principiante, muy alto ,pasarela,ACTIVO,28,165,19,213,520,11,,158726.16,18.1,7.7,46.9
12194,Kendall Jenner,IMG MODELS,ESTADOS UNIDOS, Emergente ,Femenino, Sao Paulo Fashion Week ,  Sao Paulo,Brasil ,Abril/Octubre, experto ,MEDIO,COMERCIAL, finalizado ,30,172,12,180,454,9,18375.2,3199.74,17.6,8.5,116.0
12195,barbara palvin,  IMG Models,Hungria ,Victoria Secret ,Femenino,paris fashion week,París , Francia ,Marzo/Septiembre,leyenda,alto, redes sociales ,activo,26,178,18,208,472,7,14620.3,1916485.48,18.5,5.7,
12196,Bella Hadid,img models,  Estados Unidos, Emergente ,Femenino, Victoria Secret Show ,Variada,VARIADO,Noviembre,avanzado,ALTO,pasarela, Activo ,44,180,17,186,100000,13,69241.72,1686993.63,18.9,9.8,16.1
12197,liu wen,IMG Models,China ,  Pasarela,Femenino,cannes film festival,  Cannes,Francia,Mayo,avanzado,alto, editorial ,renegociacion,19,178,12,172,513,4,5606.87,251391.77,20.1,4.7,27.8
12198, Adriana Lima ,IMG MODELS,Brasil ,  Supermodelo,Femenino, Sao Paulo Fashion Week ,SAO PAULO,  Brasil,Abril/Octubre, experto ,bajo,pasarela, pendiente ,28,176,16,190,523,10,6232.09,651658.79,18.6,6.4,41.5
12199, Emily Ratajkowski ,IMG MODELS,  Estados Unidos, Emergente ,Femenino,madrid fashion week,Madrid ,españa,Febrero/Septiembre, intermedio ,BAJO,Comercial,ACTIVO,22,183,10,192,487,8,1233.44,212175.74,,8.7,28.6
12200,precious lee,  IMG Models,ESTADOS UNIDOS,PLUS SIZE,Femenino,cannes film festival,cannes,FRANCIA,Mayo,Experto, medio ,COMERCIAL,FINALIZADO,42,179,15,196,502,8,8772.42,555990.36,20.0,9.6,5.1
