ID_Visitante,Sitio_Turistico,Pais,Region,Categoria,Nivel_Satisfaccion,Calidad_Servicio,Temporada_Visita,Tipo_Viajero,Edad_Visitante,Num_Personas_Grupo,Num_Dias_Estadia,Num_Fotos_Tomadas,Num_Actividades_Realizadas,Gasto_Total_USD,Gasto_Diario_USD,Distancia_Viaje_KM,Puntuacion_Sitio,Horas_Tour
10001,Gran Muralla,China ,Asia,Historico ,neutral,excelente,alta,AMIGOS,56,5,4,144,13,3295.82,38.25,10364.0,8.7,2.0
10002,los roques, Venezuela ,latinoamerica, Natural ,MUY INSATISFECHO,regular,ALTA, Familia ,69,4,3,152,10,1179.56,24.9,1137.0,8.0,0.9
10003,tulum,  Mexico,LATINOAMERICA, Historico ,MUY INSATISFECHO, malo , baja ,SOLO,46,3,8,142,5,343.1,119.23,,8.4,2.3
10004, Cartagena ,colombia,Latinoamerica, Ciudad , insatisfecho , Excelente ,BAJA,FAMILIA,32,5,6,146,14,442.18,189.48,1681.0,,11.4
10005, Petra ,  Jordania,Asia ,HISTORICO,Satisfecho, Excelente ,Alta,Grupo,60,5,8,154,5,525.81,47.93,3792.0,7.9,0.6
10006, Angkor Wat ,Camboya,Asia,Historico ,INSATISFECHO, bueno ,alta,pareja,25,2,3,144,6,1351.37,559.56,3572.0,9.4,28.7
10007,yellowstone,ESTADOS UNIDOS,NORTEAMERICA, Natural ,muy insatisfecho,pesimo, baja ,familia,38,1,3,166,6,50.04,1.34,8591.0,8.4,4.7
10008, Margarita ,Venezuela ,Latinoamerica ,PLAYA, insatisfecho ,Bueno,Baja, Pareja ,56,3,5,134,14,1516.08,295.95,2592.0,9.6,25.1
10009,Torre Eiffel,  Francia,  Europa,Monumento , Neutral,Malo, Alta ,AMIGOS,36,6,11,146,6,679.67,196.28,3312.0,7.8,16.8
10010,los roques,  Venezuela, Latinoamerica ,Natural ,NEUTRAL,MALO,MEDIA,AMIGOS,40,4,7,147,14,524.85,93.54,67.0,6.9,3.6
10011, Iguazu ,Argentina , Latinoamerica ,Natural,muy insatisfecho, regular ,MEDIA,Grupo,28,2,4,158,2,3174.12,10.36,2636.0,7.9,1.3
10012,Big Ben,REINO UNIDO,  Europa,Monumento ,muy insatisfecho,pesimo, media ,Grupo,28,2,3,143,14,924.29,197.5,5217.0,5.8,1.1
10013, Los Roques ,Venezuela,latinoamerica,  Natural,Insatisfecho,malo,media, Grupo ,41,3,8,123,10,149.82,97.43,78.0,6.7,1.6
10014,CRISTO REDENTOR,brasil,Latinoamerica,Monumento,INSATISFECHO,PESIMO,ALTA,pareja,70,4,8,125,14,2629.5,550.61,1649.0,7.9,7.4
10015, Taj Mahal ,  India,Asia ,monumento,NEUTRAL,Bueno,media, Solo ,53,4,3,157,13,73.22,156.17,,7.8,1.9
10016,NEUSCHWANSTEIN,ALEMANIA,  Europa,  Monumento,SATISFECHO,malo,Media, Solo ,57,4,3,146,14,100000.0,561.52,214.0,7.3,2.5
10017, Iguazu ,argentina,  Latinoamerica,natural, satisfecho , Excelente , baja ,solo,41,9,6,145,3,2230.21,49.82,3263.0,4.7,3.6
10018,Ámsterdam,paises bajos,europa,CIUDAD,MUY INSATISFECHO, malo ,media,Amigos,20,1,2,147,14,652.19,258.73,1003.0,8.8,14.7
10019, Estatua de Libertad ,estados unidos,Norteamerica,  Monumento,Insatisfecho, pesimo ,baja,amigos,39,2,7,127,6,2612.64,192.07,6795.0,9.2,1.3
10020,salto angel,Venezuela,  Latinoamerica,Natural, satisfecho ,malo,baja,SOLO,70,2,5,145,13,1087.45,268.96,9417.0,10.8,0.0
10021,  Machu Picchu  ,Estados Unidos,NORTEAMERICA,monumento,insatisfecho,Regular,alta, Grupo ,19,4,5,156,8,933.46,48.33,3944.0,8.4,0.4
10022,MONTE FUJI,japon,  Asia,natural,muy satisfecho,excelente,Alta,familia,41,6,6,145,12,69.7,218.72,20006.0,7.5,14.1
10023,la habana, Cuba ,Latinoamerica ,ciudad,NEUTRAL, regular ,ALTA,SOLO,61,3,1,170,13,513.8,137.85,2994.0,5.5,6.3
10024,Machu Picchu,Peru ,Latinoamerica,Historico , insatisfecho ,BUENO,ALTA,FAMILIA,47,7,10,166,11,4010.69,271.6,3601.0,10.5,1.9
10025,Cabo de Buena Esperanza,Sudafrica,Africa ,Natural,Insatisfecho,MALO,baja,SOLO,55,4,2,127,12,745.94,79.22,,8.0,1.2
10026,TORRE EIFFEL, Cuba ,Latinoamerica,ciudad,Insatisfecho,MALO,Alta, Familia ,19,6,5,135,1,,441.56,1317.0,7.9,2.1
10027,Merida, Venezuela ,LATINOAMERICA,Ciudad,Satisfecho, bueno ,BAJA,grupo,38,8,4,147,1,1139.0,17.61,14284.0,7.0,0.7
10028,Merida,  Venezuela,Latinoamerica , Ciudad , insatisfecho , regular ,alta,Amigos,50,5,5,149,11,1338.98,329.21,219.0,6.9,17.0
10029, Niagara ,Canada , Norteamerica , Natural ,muy satisfecho, Excelente ,Media,solo,29,7,4,120,13,94.94,395.12,2956.0,8.9,9.2
10030,praga,republica checa,  Europa,  Ciudad,Satisfecho, regular , media ,Solo,39,7,5,152,2,674.54,339.93,363.0,,3.7
10031,Estatua de Libertad,  Estados Unidos,NORTEAMERICA,Monumento ,Muy Insatisfecho,pesimo,BAJA, Grupo ,61,7,6,158,11,-500.0,143.79,6533.0,10.8,12.0
10032,Bali,  Indonesia,Asia, Playa ,MUY INSATISFECHO, regular ,MEDIA,Pareja,42,2,1,164,12,335.77,115.39,4688.0,10.3,1.7
10033,neuschwanstein, Alemania ,Europa ,MONUMENTO,NEUTRAL,excelente, media ,SOLO,66,3,3,147,12,,1117.86,6132.0,6.8,
10034,Cabo de Buena Esperanza, Sudafrica ,  Africa,Natural, Muy Satisfecho ,Malo,baja,FAMILIA,44,2,2,142,6,15.21,52.06,2346.0,5.8,11.6
10035,Torres del Paine, Chile ,LATINOAMERICA,natural,INSATISFECHO,Regular, media ,GRUPO,59,3,5,161,9,863.0,158.32,2306.0,3.5,2.6
10036,neuschwanstein,alemania,Europa,MONUMENTO, Muy Satisfecho ,BUENO,MEDIA,Pareja,45,2,4,162,4,3214.97,222.14,232.0,5.0,8.5
10037, Gran Canyon ,estados unidos, Norteamerica ,  Natural,Muy Insatisfecho, Excelente ,Media, Solo ,33,7,7,147,3,79.94,,2153.0,9.0,2.1
10038,Praga,  Republica Checa, Europa ,CIUDAD,INSATISFECHO,MALO, Alta ,solo,32,2,7,153,12,318.15,45.64,13246.0,8.1,2.1
10039,niagara,  Canada,Norteamerica,  Natural,Muy Satisfecho,EXCELENTE,Baja,Amigos,64,3,2,154,8,556.78,212.26,2384.0,8.5,0.7
10040,Santorini,Grecia, Europa , Playa ,Satisfecho,BUENO,alta,Pareja,68,2,6,157,11,1973.61,341.16,8900.0,3.8,3.5
10041,Monte Fuji,Peru   ,ASIA,Natural,insatisfecho, pesimo ,media, Grupo ,61,4,7,136,10,1535.13,10.26,9236.0,6.7,7.8
10042, Canaima , Venezuela ,  Latinoamerica,  Natural,Satisfecho,Excelente,MEDIA,FAMILIA,72,6,2,135,14,806.64,485.0,2336.0,10.2,16.9
10043,CARTAGENA,colombia, Latinoamerica ,ciudad,MUY SATISFECHO,excelente,alta,solo,69,1,7,144,9,2134.87,5.99,4998.0,7.3,
10044,PATAGONIA,argentina,  Latinoamerica,NATURAL, insatisfecho ,REGULAR,Media,grupo,74,1,5,155,12,,88.0,501.0,5.0,11.9
10045,margarita,  Venezuela,latinoamerica,  Playa,Neutral, bueno ,BAJA,Amigos,20,3,7,127,11,3395.64,3.19,547.0,7.3,10.4
10046,CARTAGENA,Colombia , Latinoamerica ,Ciudad ,NEUTRAL,Bueno,BAJA,SOLO,54,3,6,143,5,2555.84,10000.0,249.0,6.0,1.1
10047,merida, Venezuela ,latinoamerica,  Ciudad, Muy Insatisfecho ,PESIMO,baja,Pareja,68,4,5,154,9,437.16,484.2,4350.0,8.2,4.0
10048,TULUM,Mexico,  Latinoamerica,historico,Insatisfecho,BUENO, media ,Grupo,24,5,6,148,2,475.03,87.66,2776.0,7.5,0.7
10049, Gran Muralla ,China ,Asia , Historico ,MUY SATISFECHO,EXCELENTE,Baja,FAMILIA,38,2,5,135,3,200.91,110.6,3971.0,8.6,6.9
10050,punta cana,republica dominicana,  Latinoamerica,Playa,NEUTRAL,pesimo,BAJA,amigos,26,8,4,184,7,616.39,48.5,3681.0,5.1,18.0
10051,PUNTA CANA,francia,LATINOAMERICA,Playa ,muy insatisfecho,BUENO,Media,Grupo,56,3,7,118,7,11539.26,181.81,2155.0,6.6,
10052, Iguazu , Argentina ,Latinoamerica ,natural,Insatisfecho,PESIMO,Alta, Solo ,35,1,1,146,6,780.69,,5658.0,9.7,7.9
10053,TULUM,mexico,Latinoamerica ,  Historico,NEUTRAL,BUENO, Alta ,Familia,21,2,8,148,6,373.63,93.11,7104.0,4.8,
10054,Serengeti, Tanzania , Africa ,natural, insatisfecho , bueno ,MEDIA, Solo ,42,2,4,169,2,2156.27,81.0,74.0,5.5,5.3
10055,Taj Mahal,  India, Asia ,MONUMENTO,muy insatisfecho,REGULAR,baja,solo,31,4,5,180,10,1172.87,432.5,,7.9,3.0
10056, Praga ,Republica Checa , Europa ,ciudad,muy satisfecho,Bueno,Alta,pareja,67,6,3,167,6,243.08,96.67,6245.0,8.1,2.6
10057,Chichen Itza,Mexico ,  Latinoamerica,Historico, Muy Insatisfecho , pesimo ,Alta,PAREJA,26,7,7,146,4,718.72,136.05,2444.0,6.5,0.3
10058,Bali,Indonesia ,Asia ,Playa,MUY SATISFECHO,Excelente, Alta ,SOLO,43,6,2,144,12,802.86,66.62,,,1.5
10059,chichen itza,MEXICO,LATINOAMERICA,historico, satisfecho ,Regular,Media, Amigos ,70,2,5,136,3,2102.6,309.08,2131.0,8.6,0.1
10060,TORRES DEL PAINE, Chile ,LATINOAMERICA,NATURAL,neutral,Bueno, Alta ,PAREJA,19,5,10,151,13,31.33,101.32,2478.0,9.2,5.2
10061,marrakech,Marruecos ,africa,Ciudad , satisfecho ,Bueno,ALTA, Pareja ,37,5,7,164,11,,-100.0,864.0,5.4,0.7
10062,GRAN MURALLA,  China,Asia,  Historico,MUY SATISFECHO,pesimo,Media,Pareja,45,4,7,143,13,1093.46,58.43,,8.2,12.4
10063,Santorini,Grecia ,EUROPA,Playa ,insatisfecho,Regular,Media,Pareja,64,4,10,138,2,469.7,,4650.0,10.5,4.4
10064,angkor wat, Camboya , Asia ,HISTORICO, Muy Satisfecho ,bueno,media,FAMILIA,24,3,1,144,1,1485.04,68.92,2838.0,7.3,7.2
10065,GRAN CANYON,Estados Unidos ,norteamerica, Natural , Muy Satisfecho , Excelente ,alta,solo,61,2,5,144,11,986.29,294.58,7443.0,5.3,3.2
10066,DUBAI, Emiratos Arabes ,  Latinoamerica,Ciudad,INSATISFECHO,Excelente,Alta, Familia ,25,3,3,135,11,673.44,111.55,9573.0,5.2,4.9
10067,cartagena,colombia,Latinoamerica , Ciudad ,satisfecho,Bueno, media ,Grupo,64,8,8,154,5,4470.04,46.19,3901.0,7.2,17.2
10068, Los Roques ,  Venezuela,Latinoamerica ,  Natural,neutral,Excelente, baja ,grupo,52,5,7,167,2,1500.16,321.61,7100.0,9.6,0.5
10069,CUSCO, Peru ,  Latinoamerica,CIUDAD,Muy Satisfecho, regular ,MEDIA,Grupo,31,1,3,152,2,208.79,81.18,1833.0,7.4,1.8
10070,Tulum, Mexico , Latinoamerica ,  Historico,muy satisfecho, bueno ,ALTA,familia,34,2,1,138,7,1231.78,400.78,2680.0,7.9,9.1
10071,Iguazú,ARGENTINA,EUROPA, Natural ,NEUTRAL,PESIMO,ALTA,SOLO,53,5,5,151,8,2276.19,493.63,6237.0,5.5,0.6
10072,SERENGETI,tanzania,Africa,NATURAL,muy satisfecho,REGULAR,MEDIA, Grupo ,67,4,3,158,13,1849.02,392.97,2441.0,9.5,
10073,Disney World,  Estados Unidos, Norteamerica ,Entretenimiento ,neutral,Excelente,Baja,Pareja,57,5,6,166,10,283.27,7.13,4440.0,5.2,2.7
10074,cusco,PERU,LATINOAMERICA,Ciudad , Neutral,bueno, baja , Grupo ,21,9,3,161,8,5386.0,309.64,1025.0,6.5,0.6
10075,TAJ MAHAL,India ,asia, Monumento , Neutral,Regular, Alta ,Amigos,19,6,4,161,14,893.52,105.98,4579.0,,5.3
10076,Torres del Paine, Chile , Latinoamerica , Natural ,insatisfecho,excelente,Baja,Pareja,23,3,5,135,4,259.79,413.86,500000.0,,
10077,Pirámides de Giza,  Egipto,africa,Historico,Satisfecho,Bueno,Baja,pareja,71,7,8,165,14,298.03,203.2,10149.0,7.8,13.6
10078,sagrada familia,españa,EUROPA,Monumento , satisfecho ,malo,BAJA,pareja,59,8,7,145,1,155.1,358.72,6443.0,5.4,9.2
10079,GALAPAGOS,ECUADOR,LATINOAMERICA,Natural,Muy Insatisfecho,Pesimo,media, Grupo ,21,1,5,138,11,2440.78,138.4,6847.0,,7.2
10080,GALAPAGOS, Ecuador ,LATINOAMERICA, Natural ,insatisfecho, Excelente ,alta,pareja,71,8,4,146,7,195.22,153.15,4081.0,6.8,5.8
10081,santorini,Grecia,EUROPA,  Playa,MUY INSATISFECHO,EXCELENTE,MEDIA,AMIGOS,46,2,6,150,1,200.51,31.19,4393.0,11.7,11.9
10082,GALAPAGOS,  Ecuador,Latinoamerica ,NATURAL,satisfecho, malo , baja ,familia,35,10,8,147,11,2850.4,306.48,717.0,6.7,1.5
10083,amsterdam,PAISES BAJOS,  Europa,Ciudad ,satisfecho,MALO,Alta,amigos,43,6,4,160,4,633.77,108.74,2934.0,11.2,12.4
10084,YELLOWSTONE,estados unidos,NORTEAMERICA,NATURAL,satisfecho, regular ,MEDIA, Solo ,61,8,3,180,8,47.02,138.66,2996.0,8.7,9.3
10085, Torres del Paine ,CHILE,Latinoamerica ,Natural,MUY SATISFECHO,Pesimo,Alta, Pareja ,51,1,2,132,2,79.94,307.51,15910.0,5.9,8.3
10086,IGUAZU,ARGENTINA,Latinoamerica,Historico  , Muy Insatisfecho ,PESIMO, media ,AMIGOS,27,4,3,148,6,230.02,182.68,2820.0,8.2,4.9
10087,Marrakech,MARRUECOS,Africa ,ciudad,Insatisfecho, Excelente ,alta, Grupo ,53,1,9,168,13,360.04,44.9,3985.0,6.9,1.7
10088,Big Ben,Reino Unido ,europa,  Monumento, Muy Insatisfecho ,MALO,media,solo,31,5,5,167,6,1641.09,178.43,3810.0,8.0,3.3
10089, Merida ,Venezuela,Latinoamerica,Ciudad , satisfecho ,Pesimo,baja,AMIGOS,48,6,4,150,12,256.76,104.73,5063.0,6.1,9.5
10090,CANAIMA,venezuela,latinoamerica,Natural , insatisfecho , bueno ,MEDIA, Pareja ,65,6,7,172,9,189.83,126.8,6896.0,10.9,0.2
10091,Merida,venezuela,  Latinoamerica,Ciudad,MUY INSATISFECHO, pesimo ,baja,grupo,32,2,8,149,5,2170.46,5.74,-100.0,9.4,9.1
10092,Gran Muralla,china, Asia ,  Historico,Satisfecho,excelente,MEDIA, Pareja ,25,1,4,158,10,1667.8,47.15,3762.0,7.6,1.6
10093,SINGAPUR, Singapur , Asia ,CIUDAD, satisfecho ,Pesimo, baja ,solo,31,2,4,134,4,857.26,65.99,8741.0,11.0,0.9
10094,torre eiffel,  Francia,Europa ,Monumento ,INSATISFECHO,regular,BAJA, Amigos ,40,4,8,145,5,1195.46,249.63,3110.0,7.6,0.7
10095,CANAIMA,venezuela,latinoamerica,Natural,Neutral,MALO,MEDIA,PAREJA,74,2,5,142,12,560.91,2.31,1632.0,9.7,0.2
10096,torres del paine,  Chile,  Latinoamerica,natural,INSATISFECHO,Excelente,Media, Solo ,57,2,5,180,12,988.12,105.11,5317.0,7.6,4.4
10097, Marrakech ,marruecos, Africa , Ciudad ,Neutral,excelente,alta,GRUPO,38,1,6,163,10,1059.87,515.48,8680.0,8.3,1.5
10098, Versalles ,Francia,  Europa,Historico ,Muy Satisfecho, malo ,MEDIA,AMIGOS,33,3,7,164,11,734.67,23.73,326.0,7.3,27.3
10099,Cabo de Buena Esperanza, Sudafrica ,  Africa,  Natural,INSATISFECHO,Malo,Alta,AMIGOS,62,3,2,135,5,3555.85,145.31,7498.0,7.7,5.1
10100,Niagara, Canada , Norteamerica , Natural ,neutral,malo,media,solo,35,3,1,160,8,24.29,308.84,8620.0,7.8,0.9
10101,Salto Ángel,VENEZUELA, Latinoamerica ,NATURAL,muy insatisfecho, Excelente ,ALTA,Amigos,64,4,7,160,10,2286.07,571.3,3095.0,6.2,7.0
10102,bali,Indonesia ,Asia,playa,satisfecho, malo ,baja,Grupo,70,5,5,154,12,199.24,274.7,20463.0,6.7,13.7
10103,Angkor Wat, Camboya ,Asia,Historico ,MUY SATISFECHO,MALO, media ,Grupo,41,1,4,149,8,2395.87,255.0,7725.0,7.1,8.2
10104,NEUSCHWANSTEIN, Alemania ,EUROPA, Monumento ,INSATISFECHO,EXCELENTE, baja ,amigos,43,5,4,147,2,1435.33,350.3,7429.0,8.0,0.5
10105,tulum,Mexico,latinoamerica,  Historico, Neutral,EXCELENTE,media,pareja,42,3,3,126,7,2779.92,118.19,6888.0,7.4,13.6
10106, Gran Muralla ,china, Asia , Historico ,MUY INSATISFECHO,REGULAR,alta,PAREJA,62,1,8,132,8,153.9,327.82,816.0,15.0,9.5
10107,caracas, Venezuela ,  Latinoamerica,Ciudad,neutral, pesimo ,MEDIA, Grupo ,58,2,7,177,11,1228.0,1.6,1225.0,9.2,1.0
10108,Coliseo Romano, Italia ,europa, Historico ,insatisfecho,Bueno,alta,Pareja,46,5,1,179,6,1042.99,516.89,3118.0,7.1,0.3
10109,SAGRADA FAMILIA,España ,EUROPA,MONUMENTO,Neutral,EXCELENTE, Alta ,Solo,32,4,2,143,5,1837.25,117.15,1533.0,10.3,4.9
10110,SERENGETI,  Tanzania,  Africa, Natural ,INSATISFECHO,Bueno,MEDIA,familia,62,4,4,150,11,1146.29,161.21,2683.0,11.2,1.0
10111,Disney World,Estados Unidos,Norteamerica ,ENTRETENIMIENTO,  Muy Satisfecho  ,Regular,baja, Amigos ,18,3,6,158,9,1167.19,58.84,10967.0,3.4,10.8
10112,GALAPAGOS,Ecuador ,LATINOAMERICA,NATURAL,SATISFECHO, pesimo ,MEDIA, Solo ,42,2,4,128,13,842.12,,8696.0,9.4,2.7
10113,big ben, Reino Unido , Europa ,  Monumento,Insatisfecho,PESIMO,Baja,grupo,24,2,6,142,3,554.06,15.95,4972.0,6.1,14.6
10114,cristo redentor, Brasil ,Latinoamerica ,Monumento, insatisfecho ,pesimo,alta, Familia ,26,3,8,142,12,987.44,,9764.0,,5.0
10115,Pirámides de Giza,Egipto,Africa ,historico, Muy Satisfecho ,REGULAR,MEDIA,Grupo,41,6,7,173,13,189.18,352.19,7657.0,10.0,1.2
10116,DISNEY WORLD,ESTADOS UNIDOS,NORTEAMERICA,ENTRETENIMIENTO,satisfecho,Malo,Media, Familia ,18,5,5,169,13,4886.17,48.68,2802.0,5.7,0.9
10117, Patagonia ,ARGENTINA, Latinoamerica , Natural ,Insatisfecho, pesimo , baja ,solo,61,4,2,149,10,1879.8,331.44,1122.0,3.8,5.2
10118,gran muralla, China ,  Asia,  Historico,MUY INSATISFECHO,Pesimo,media,FAMILIA,25,2,1,154,4,4569.5,308.69,3610.0,9.2,8.6
10119,praga, Republica Checa ,Europa , Ciudad , Neutral,regular, Alta ,pareja,41,3,7,155,9,385.69,200.05,,7.8,9.1
10120,machu picchu,Peru ,LATINOAMERICA,HISTORICO,MUY INSATISFECHO,MALO,media,Solo,28,2,4,167,6,3172.18,93.53,2867.0,4.2,1.9
10121,dubai,  Emiratos Arabes,ASIA,  Ciudad,neutral,Pesimo,ALTA,AMIGOS,68,1,1,148,8,2481.57,63.35,5495.0,-5.0,1.4
10122, Neuschwanstein ,  Alemania,  Europa, Monumento ,neutral, pesimo ,alta,Grupo,34,7,6,154,7,1695.86,52.74,495.0,8.7,0.1
10123,Singapur,Singapur , Asia ,Ciudad ,Muy Satisfecho,malo,Baja,Pareja,25,5,5,157,11,,76.72,6892.0,8.8,6.8
10124,versalles,Francia ,EUROPA,Historico,Insatisfecho, Excelente ,BAJA,amigos,52,3,8,158,2,570.9,467.76,8376.0,10.2,0.5
10125,SALTO ANGEL,venezuela,LATINOAMERICA, Natural ,Neutral, Excelente ,alta,FAMILIA,52,5,5,162,3,2542.58,16.16,6135.0,6.3,3.3
10126, Cusco , Peru ,LATINOAMERICA,Ciudad,Muy Satisfecho,pesimo,Baja, Pareja ,50,3,4,151,1,1044.27,353.07,17096.0,7.8,5.5
10127,salto angel,venezuela,latinoamerica,NATURAL,MUY INSATISFECHO,BUENO,Baja,AMIGOS,22,6,10,161,9,110.29,85.82,8762.0,4.9,
10128,PIRAMIDES DE GIZA,EGIPTO,Africa,HISTORICO,muy satisfecho,malo, Alta , Solo ,59,4,7,150,13,562.83,147.46,11670.0,6.3,2.2
10129,disney world, Estados Unidos ,  Norteamerica,ENTRETENIMIENTO, Muy Insatisfecho ,MALO,media,Familia,56,5,4,134,7,4106.92,316.45,13558.0,8.3,1.7
10130,Gran Canyon, Estados Unidos ,norteamerica,Natural, insatisfecho , bueno ,media,amigos,58,5,8,124,1,2852.5,431.48,8081.0,4.2,6.4
10131, Patagonia ,Argentina,LATINOAMERICA, Natural ,neutral,Excelente  , baja ,familia,45,4,5,143,3,6018.24,84.56,5608.0,6.2,5.8
10132,Canaima, Venezuela ,Latinoamerica,Natural , satisfecho ,REGULAR,BAJA,Amigos,24,2,5,150,4,1483.27,123.92,29.0,5.6,2.4
10133, Disney World ,ESTADOS UNIDOS,  Norteamerica,Entretenimiento, Muy Insatisfecho ,MALO,ALTA,Grupo,26,5,5,142,4,426.55,107.06,3135.0,7.8,15.8
10134,serengeti,  Tanzania,Africa ,  Natural, Neutral,Malo, Alta , Solo ,25,4,2,126,5,,2.67,4233.0,8.6,11.2
10135,margarita,  Venezuela,  Latinoamerica,Playa , satisfecho ,malo,alta, Pareja ,29,6,3,159,14,310.38,70.18,1812.0,9.0,1.5
10136, Acropolis , Grecia ,europa, Historico ,SATISFECHO, Excelente ,ALTA,Amigos,51,4,4,131,3,29.99,122.94,1914.0,9.5,100.0
10137,MARGARITA,  Venezuela,latinoamerica, Playa , Muy Insatisfecho ,REGULAR,Media,FAMILIA,50,5,9,141,3,743.12,105.9,16241.0,10.2,4.3
10138,DUBAI,emiratos arabes,asia,Ciudad,Neutral,malo, Alta , Solo ,65,1,1,143,1,318.73,255.98,11115.0,8.7,8.9
10139,dubai, Emiratos Arabes ,  Asia,ciudad,Satisfecho,REGULAR,ALTA, Pareja ,72,8,5,168,7,,97.16,9458.0,11.3,0.3
10140,caracas,venezuela, Latinoamerica ,Ciudad , Muy Satisfecho ,Regular,baja,Familia,40,5,5,170,11,4099.92,134.42,2604.0,7.7,7.1
10141,Acropolis,Grecia ,EUROPA,HISTORICO,muy satisfecho,BUENO,ALTA,SOLO,41,7,5,184,10,844.6,112.29,69.0,7.2,6.3
10142,neuschwanstein,Alemania ,  Europa,Monumento ,neutral,Bueno,BAJA, Familia ,54,2,5,157,14,3155.41,269.9,418.0,8.7,1.6
10143, Galapagos ,Ecuador,Latinoamerica , Natural ,INSATISFECHO, malo ,alta,SOLO,52,1,4,146,1,1395.22,397.51,1871.0,7.1,6.9
10144,DISNEY WORLD, Estados Unidos ,Norteamerica ,  Entretenimiento,muy satisfecho,EXCELENTE,ALTA,Pareja,61,5,9,157,2,425.8,151.81,79.0,11.2,16.9
10145,COLISEO ROMANO,Italia ,Europa , Historico ,MUY INSATISFECHO,EXCELENTE,BAJA,Pareja,57,4,6,136,13,659.75,311.59,86.0,9.8,0.3
10146,Iguazu,Argentina ,LATINOAMERICA,Natural, Neutral,EXCELENTE, media ,familia,39,4,2,157,4,131.48,70.42,12421.0,9.0,2.3
10147,NEUSCHWANSTEIN,  Alemania,Europa,monumento,Satisfecho,EXCELENTE, media ,solo,44,2,6,132,13,608.49,155.9,6124.0,7.8,3.5
10148,BALI,Indonesia,asia,PLAYA,MUY SATISFECHO,malo,baja, Amigos ,52,3,6,155,4,1697.67,84.69,1848.0,6.7,13.8
10149,Iguazú,Argentina,LATINOAMERICA,Natural ,neutral, Excelente ,baja,Pareja,18,3,6,145,5,112.26,106.96,712.0,,19.7
10150, Cusco ,  Peru,latinoamerica,ciudad,NEUTRAL, regular , media , Amigos ,52,3,5,150,11,344.88,263.66,3583.0,5.2,3.5
10151,MARRAKECH, Marruecos ,AFRICA,CIUDAD,insatisfecho,Bueno,BAJA,AMIGOS,54,3,2,148,2,720.54,,27.0,10.6,-10.0
10152,Taj Mahal,india,asia, Monumento ,satisfecho,pesimo,baja, Grupo ,64,2,5,145,4,6030.21,,13937.0,7.1,4.6
10153,Coliseo Romano, Italia ,EUROPA,  Historico,SATISFECHO,excelente,BAJA,Familia,31,5,3,147,1,2304.71,201.37,2679.0,8.1,4.6
10154,VERSALLES,francia,Europa, Historico ,Satisfecho,PESIMO,BAJA,FAMILIA,20,4,3,165,2,1983.5,174.52,2574.0,5.7,2.0
10155,caracas,Venezuela,  Latinoamerica,Ciudad,muy insatisfecho,pesimo,baja,Familia,18,3,3,156,1,185.27,25.21,2476.0,,1.5
10156,CARTAGENA,COLOMBIA,Latinoamerica ,Ciudad, Neutral,pesimo,media,  Familia  ,22,3,6,167,10,2278.0,47.62,359.0,6.6,2.0
10157,La Habana, Cuba ,latinoamerica,  Ciudad,Muy Insatisfecho,REGULAR,BAJA,PAREJA,43,3,6,156,10,2307.55,74.5,5085.0,8.8,4.9
10158,Amsterdam,PAISES BAJOS,EUROPA,Ciudad ,Muy Insatisfecho, Excelente ,media,Pareja,72,2,4,142,13,1378.58,36.53,6603.0,9.0,0.2
10159, Cartagena ,colombia,Latinoamerica,ciudad,Neutral,malo,ALTA,grupo,31,2,5,155,4,6963.03,55.87,5637.0,6.2,14.3
10160,IGUAZU, Argentina ,Latinoamerica,  Natural,satisfecho, regular , media , Grupo ,56,6,5,143,4,590.13,62.29,745.0,5.3,1.0
10161,MARGARITA,VENEZUELA,Latinoamerica ,playa,Neutral,malo,alta,pareja,44,2,7,146,7,,,4324.0,10.6,1.5
10162, Gran Muralla ,CHINA,ASIA,HISTORICO, insatisfecho ,excelente, media ,amigos,26,1,5,138,10,3692.92,276.77,4214.0,7.1,4.4
10163,Cartagena, Colombia ,  Latinoamerica,Ciudad ,neutral,regular, media , Familia ,32,1,3,142,11,17.32,169.69,,7.9,7.4
10164, Yellowstone ,ESTADOS UNIDOS,norteamerica,Natural,NEUTRAL, pesimo ,BAJA,solo,32,5,4,125,11,897.07,857.29,2383.0,8.5,0.6
10165,niagara, Canada ,  Norteamerica,Natural , Muy Satisfecho ,regular,Media, Pareja ,43,4,7,150,9,5665.2,107.14,,5.0,2.3
10166,MARGARITA,VENEZUELA, Latinoamerica , Playa ,INSATISFECHO, regular ,Media,solo,-5,5,5,164,9,163.25,280.38,4819.0,8.4,20.8
10167,Cartagena,Colombia,Latinoamerica,Ciudad,MUY SATISFECHO, Excelente ,baja, Familia ,30,5,7,146,5,1190.4,410.32,5013.0,7.7,1.8
10168, Angkor Wat , Camboya ,Asia,historico,Satisfecho,PESIMO,Alta,familia,68,4,8,147,10,5791.82,227.25,3168.0,6.2,2.3
10169,Iguazu,Argentina,Latinoamerica ,Natural, satisfecho ,Pesimo,media, Pareja ,49,5,7,147,1,1216.19,106.16,2926.0,5.2,10.9
10170,caracas,  Venezuela,LATINOAMERICA, Ciudad ,Insatisfecho,BUENO,Baja,amigos,56,3,5,153,1,315.74,280.16,3408.0,8.7,0.3
10171,SERENGETI,Tanzania , Africa ,Natural,muy insatisfecho,Bueno,alta, Grupo ,120,4,8,149,6,1309.07,45.55,9868.0,9.8,3.7
10172, Santorini ,Grecia, Europa ,  Playa, Neutral, malo ,Media,AMIGOS,69,6,4,151,2,343.06,79.37,3092.0,7.9,2.9
10173,Acropolis,GRECIA, Europa ,historico,MUY SATISFECHO, bueno , media ,FAMILIA,49,4,6,143,8,1100.03,158.23,14061.0,4.6,
10174,SINGAPUR,singapur,ASIA, Ciudad ,Insatisfecho, Excelente , media , Familia ,21,2,8,160,13,115.39,171.33,3506.0,5.4,2.0
10175,ESTATUA DE LIBERTAD,  Estados Unidos,norteamerica,  Monumento,Muy Satisfecho, regular ,Alta, Amigos ,47,3,6,162,9,1395.14,4.48,14899.0,6.6,0.6
10176,Cristo Redentor,Brasil,Latinoamerica,MONUMENTO,Neutral,pesimo,Alta  , Grupo ,54,0,3,141,13,1090.96,580.5,8944.0,10.6,2.3
10177,MERIDA,  Venezuela,LATINOAMERICA,Ciudad ,muy insatisfecho, regular ,media,grupo,40,3,8,142,4,2021.54,,2250.0,7.0,0.3
10178,COLISEO ROMANO,Italia, Europa ,  Historico, Muy Satisfecho , Excelente ,Media,Familia,56,2,4,151,5,1494.22,136.92,9962.0,6.6,9.1
10179, Coliseo Romano ,Italia,Europa,HISTORICO,INSATISFECHO,Regular,alta,Grupo,62,4,7,145,11,1196.45,540.99,583.0,4.2,3.0
10180,ACROPOLIS,grecia,Europa, Historico , Neutral,PESIMO,BAJA,GRUPO,32,4,2,143,8,1755.7,115.64,12954.0,6.2,3.5
10181, Bali ,indonesia, Asia , Playa ,Neutral, bueno ,alta, Pareja ,60,100,10,161,3,233.13,786.81,4994.0,5.0,13.4
10182,ANGKOR WAT,Camboya, Asia , Historico ,MUY INSATISFECHO,malo,baja,Pareja,46,3,6,148,5,,143.6,280.0,5.5,6.4
10183,marrakech,Marruecos ,Africa,ciudad,Insatisfecho,pesimo,baja,solo,53,7,4,143,3,283.31,24.27,5168.0,7.7,0.0
10184,merida,venezuela,Latinoamerica , Ciudad , Neutral, pesimo ,Baja,amigos,30,4,5,140,12,3895.88,289.46,18296.0,6.7,
10185, Torre Eiffel ,francia,  Europa,Monumento , Muy Satisfecho , pesimo ,MEDIA,Familia,49,5,6,149,10,106.17,227.2,,10.9,1.6
10186, La Habana ,cuba,  Latinoamerica,ciudad, satisfecho ,pesimo, media , Grupo ,24,2,-3,149,3,844.16,296.55,4045.0,9.7,0.7
10187,niagara, Canada ,Norteamerica, Natural , insatisfecho ,Excelente,baja, Solo ,68,9,5,151,3,1785.09,605.0,6888.0,,8.8
10188,Galápagos,  Ecuador,latinoamerica,natural,Muy Satisfecho, pesimo ,Baja, Pareja ,39,2,6,128,13,918.8,299.66,8310.0,5.7,
10189,CRISTO REDENTOR,Brasil,latinoamerica,Monumento , Muy Insatisfecho ,Regular, baja ,GRUPO,45,1,3,139,12,144.92,189.01,2671.0,10.3,3.4
10190, Sagrada Familia ,España ,Europa ,Monumento ,muy insatisfecho,Excelente,Alta,amigos,19,3,7,135,7,1209.07,389.41,1142.0,10.8,1.7
10191,Torre Eiffel,francia,EUROPA,  Monumento,NEUTRAL,bueno, media ,pareja,59,6,365,161,7,1539.29,,216.0,3.1,4.8
10192,TULUM, Mexico ,Latinoamerica,historico, Muy Insatisfecho ,Regular,baja,FAMILIA,62,1,8,135,7,1825.04,104.89,4334.0,7.7,1.9
10193,GALAPAGOS,  Ecuador,latinoamerica,Natural, satisfecho ,regular,BAJA,Grupo,74,2,4,155,10,700.83,433.65,3016.0,7.0,13.9
10194,piramides de giza,EGIPTO,Africa,HISTORICO,MUY SATISFECHO,REGULAR, Alta , Solo ,70,8,7,156,8,1244.0,50.18,14855.0,8.8,1.5
10195, Coliseo Romano ,ITALIA,Europa , Historico ,INSATISFECHO, regular ,media,FAMILIA,23,7,3,144,5,898.63,250.8,313.0,11.4,12.9
10196,NIAGARA,canada, Norteamerica ,NATURAL,neutral,Excelente,baja,Grupo,45,3,4,142,50,1672.37,426.68,5782.0,6.5,4.9
10197, Neuschwanstein ,Alemania ,Europa ,Monumento ,insatisfecho,bueno, media ,grupo,45,1,4,168,14,1314.01,262.84,126.0,3.4,10.6
10198, Canaima ,Venezuela ,Latinoamerica ,NATURAL, Muy Satisfecho ,Bueno,Baja,Grupo,61,6,1,126,4,1119.05,238.99,940.0,8.7,7.5
10199, Marrakech ,  Marruecos,Africa ,Ciudad,Satisfecho,PESIMO,ALTA,Grupo,61,4,1,148,7,,279.38,3022.0,10.3,7.2
10200,gran canyon,  Estados Unidos,norteamerica,NATURAL,muy satisfecho,Malo,Alta,grupo,37,5,1,181,10,3.03,125.12,3034.0,6.9,2.4
