ID_Viajero,Destino,Pais,Region,Tipo_Viaje,Tipo_Alojamiento,Metodo_Pago,Nivel_Satisfaccion,Edad_Viajero,Num_Dias_Viaje,Num_Personas_Grupo,Num_Vuelos,Gasto_Total_USD,Gasto_Diario_USD,Distancia_Km,Presupuesto_USD
7001,San Jose, Costa Rica ,Latinoamerica , educacion ,Hotel 3 Estrellas, Tarjeta Debito ,NEUTRAL,56,6,2,2,119.84,277.98,2298.0,
7002,caracas, Venezuela ,Nacional , educacion , airbnb , efectivo , Neutral,69,4,5,3,234.67,20.04,11605.0,279.36
7003,cartagena,  Colombia,  Latinoamerica, educacion ,hotel 5 estrellas, Tarjeta Credito ,Muy Satisfecho,46,8,4,3,1666.83,553.66,984.0,311.43
7004, Bogota ,colombia,  Latinoamerica, negocios ,Hotel 3 Estrellas,transferencia,satisfecho,32,8,3,1,161.5,371.72,7087.0,408.98
7005, Miami ,Estados Unidos ,Internacional,Educacion,Casa Familiar, efectivo ,Satisfecho,60,11,4,4,261.07,,6155.0,1383.86
7006, Panama City , Panama ,latinoamerica,Aventura,CASA FAMILIAR,zelle,MUY INSATISFECHO,25,7,4,1,,86.27,29.0,848.43
7007,roma,  Italia,INTERNACIONAL,AVENTURA,HOSTAL,Transferencia,Insatisfecho,38,9,1,1,901.88,,1495.0,4286.47
7008, valencia ,venezuela,Nacional,AVENTURA, Hotel 5 Estrellas , efectivo ,MUY SATISFECHO,56,14,3,1,2305.67,121.09,9442.0,535.69
7009,Lima,  Peru,Latinoamerica ,familia,AIRBNB,tarjeta credito,Satisfecho,36,10,1,3,250.64,11.41,,1401.88
7010,caracas,Venezuela,Nacional,EDUCACION, Hotel 5 Estrellas ,Pago Movil,Muy Satisfecho,40,3,2,1,516.11,3.98,1984.0,2051.58
7011, Bogota ,COLOMBIA,LATINOAMERICA,aventura,Casa Familiar,Efectivo,MUY SATISFECHO,28,11,6,1,804.84,7.13,9653.0,1136.25
7012,Guayaquil,Ecuador ,Latinoamerica ,familia,AIRBNB,TARJETA DEBITO,Muy Insatisfecho,28,8,4,4,6028.46,70.52,2027.0,530.8
7013, Caracas ,  Venezuela,  Nacional,EDUCACION,Hotel 5 Estrellas, Tarjeta Credito ,SATISFECHO,41,10,4,4,88.57,38.68,526.0,1400.78
7014,CANAIMA,  Venezuela, Nacional , educacion ,Hotel 3 Estrellas,PAGO MOVIL,Insatisfecho,53,7,3,1,552.23,116.76,2182.0,227.74
7015, San Jose ,Costa Rica , Latinoamerica ,placer,airbnb,TARJETA CREDITO,insatisfecho,57,4,3,4,389.06,586.22,572.0,396.83
7016,CIUDAD DE MEXICO,MEXICO,  Latinoamerica, educacion ,Hotel 3 Estrellas,transferencia,INSATISFECHO,41,7,2,4,50000.0,58.59,1833.0,791.17
7017, Bogota ,Colombia,latinoamerica, Placer ,HOTEL 5 ESTRELLAS,TARJETA DEBITO,NEUTRAL,20,3,1,1,516.96,102.35,192.0,856.63
7018, Rio de Janeiro ,brasil,Latinoamerica,NEGOCIOS, airbnb ,Transferencia,satisfecho,39,4,3,3,94.11,64.46,2325.0,22.39
7019,madrid,  España,Internacional ,NEGOCIOS,Hostal,Transferencia, Neutral,19,6,1,1,805.03,225.49,1818.0,2902.5
7020,caracas,VENEZUELA,  Nacional,Familia,HOSTAL, zelle ,neutral,41,7,7,4,1178.46,279.02,3369.0,1192.79
7021,  Caracas  ,españa,  Internacional,PLACER, Casa Familiar ,Tarjeta Credito,NEUTRAL,61,8,3,3,2.31,251.82,2490.0,684.59
7022,la habana,cuba,latinoamerica,negocios,Airbnb,tarjeta credito,MUY INSATISFECHO,47,5,1,2,1566.95,439.69,1994.0,2704.96
7023,Cordoba,argentina,Latinoamerica, negocios ,HOTEL 5 ESTRELLAS,EFECTIVO, Muy Insatisfecho ,55,5,6,3,164.66,3.35,2926.0,578.2
7024,Margarita,Venezuela,  Nacional,negocios,HOSTAL, Tarjeta Debito ,MUY SATISFECHO,19,4,2,4,642.49,219.77,389.0,
7025,TORONTO,Canada,INTERNACIONAL,educacion,casa familiar,Tarjeta Debito,muy satisfecho,38,7,4,3,430.01,167.21,2262.0,718.02
7026,MIAMI,argentina,  Latinoamerica,PLACER,Airbnb,ZELLE,Satisfecho,50,4,2,1,1017.38,31.16,472.0,121.36
7027,Barquisimeto, Venezuela ,Nacional ,negocios,HOSTAL,TARJETA DEBITO,satisfecho,29,4,3,2,371.1,375.7,6493.0,1447.32
7028, Barquisimeto ,Venezuela ,Nacional,Placer, airbnb ,TARJETA CREDITO, Muy Insatisfecho ,39,8,1,2,1630.72,19.25,177.0,1136.0
7029,barcelona,España,Internacional ,aventura,casa familiar,zelle,muy satisfecho,61,9,2,2,1048.94,136.56,1407.0,1482.75
7030,Rio de Janeiro, Brasil ,Latinoamerica,AVENTURA,hotel 5 estrellas,TARJETA DEBITO,MUY SATISFECHO,42,10,3,4,834.65,30.57,2975.0,3025.0
7031,Madrid, España ,INTERNACIONAL, educacion , Casa Familiar ,ZELLE,Neutral,66,4,4,4,-500.0,67.75,1531.0,1498.3
7032,miami,  Estados Unidos,Internacional , aventura ,HOTEL 5 ESTRELLAS,TARJETA DEBITO,INSATISFECHO,44,9,4,2,1122.01,152.4,242.0,945.04
7033,Ciudad de Mexico,Mexico , Latinoamerica ,familia, Hotel 3 Estrellas , Tarjeta Debito ,insatisfecho,59,8,5,3,,99.43,2015.0,
7034,Punta Cana,republica dominicana,  Internacional,placer,hostal,EFECTIVO, insatisfecho ,45,9,1,2,401.67,66.93,2565.0,1118.55
7035,santiago,  Chile,LATINOAMERICA, negocios , Hotel 3 Estrellas ,Tarjeta Debito, Muy Insatisfecho ,33,3,3,3,2136.69,47.4,3042.0,524.45
7036, Cancun ,  Mexico,Latinoamerica,familia,HOTEL 5 ESTRELLAS, zelle ,INSATISFECHO,32,8,3,3,107.49,,1168.0,2168.23
7037,Barcelona, España ,Internacional ,familia,airbnb,Tarjeta Credito,insatisfecho,64,9,3,4,1068.77,18.63,2073.0,250.9
7038,São Paulo, Brasil ,  Latinoamerica,AVENTURA, Hotel 5 Estrellas ,Efectivo,Neutral,68,12,4,3,2938.15,67.48,1498.0,1254.01
7039,paris, Francia ,INTERNACIONAL,PLACER, Hotel 5 Estrellas ,Tarjeta Debito,SATISFECHO,61,10,1,2,42.89,280.91,2787.0,
7040,Rio de Janeiro,brasil,Latinoamerica, negocios ,AIRBNB,Tarjeta Debito,Muy Insatisfecho,69,7,3,4,917.05,224.38,2190.0,1314.22
7041,La Habana,Venezuela   , Latinoamerica ,Familia,hotel 3 estrellas,zelle, Muy Satisfecho ,20,8,5,1,505.12,61.49,1865.0,1194.93
7042, Maracaibo ,  Venezuela, Nacional ,EDUCACION,hostal,Efectivo, Neutral,54,9,6,1,692.43,172.82,718.0,1396.9
7043,Bogotá,  Colombia,Latinoamerica,NEGOCIOS,Hotel 5 Estrellas,tarjeta debito,insatisfecho,68,4,6,4,71.36,207.9,5.0,625.59
7044,CARTAGENA,Colombia, Latinoamerica ,aventura,hotel 5 estrellas, Tarjeta Credito , Muy Satisfecho ,24,8,7,2,35.17,263.67,478.0,2072.83
7045,VALENCIA,Venezuela,NACIONAL, Placer ,HOSTAL,transferencia,neutral,38,5,3,1,879.37,94.36,311.0,227.45
7046,bogota, Colombia ,  Latinoamerica,educacion,hotel 5 estrellas,Tarjeta Credito,MUY INSATISFECHO,26,4,2,1,1386.68,5000.0,1490.0,136.26
7047,BARQUISIMETO,venezuela, Nacional , negocios ,hostal,Tarjeta Debito, insatisfecho ,56,4,1,3,1218.66,35.37,2369.0,336.18
7048,cartagena,colombia,  Latinoamerica,Negocios, hostal ,Tarjeta Credito,Muy Insatisfecho,35,8,1,3,627.87,42.07,599.0,758.38
7049,SAO PAULO,  Brasil,latinoamerica,Familia, hostal , efectivo ,neutral,21,9,5,2,84.17,108.11,6995.0,714.5
7050, Santiago ,Chile , Latinoamerica ,Negocios,airbnb, Tarjeta Debito ,muy satisfecho,42,2,2,4,931.92,4.0,17.0,1718.13
7051,santiago,colombia,latinoamerica,PLACER,Hotel 3 Estrellas,ZELLE, satisfecho ,31,10,3,2,221.54,121.29,3699.0,518.47
7052,CANAIMA,Venezuela,  Nacional,placer, Hotel 3 Estrellas ,EFECTIVO,Insatisfecho,67,5,2,4,1935.91,54.37,2453.0,662.32
7053, medellin ,Colombia ,Latinoamerica ,negocios,Casa Familiar,Tarjeta Credito, Muy Insatisfecho ,26,7,5,1,1457.44,41.99,1169.0,13.46
7054,LISBOA,portugal,  Internacional,familia,airbnb,tarjeta debito,muy satisfecho,43,13,1,3,988.6,253.93,130.0,527.19
7055,San Jose,Costa Rica,LATINOAMERICA, educacion ,CASA FAMILIAR,Efectivo,Muy Satisfecho,19,11,3,2,2378.33,73.94,2469.0,
7056,Sao Paulo, Brasil ,Latinoamerica ,EDUCACION,hotel 3 estrellas,tarjeta credito,SATISFECHO,37,5,4,2,25.54,11.99,1218.0,15.63
7057, margarita ,venezuela,Nacional ,familia,hotel 3 estrellas,Tarjeta Debito,neutral,45,11,3,4,1066.05,210.36,,329.73
7058,Miami, Estados Unidos , Internacional ,AVENTURA,hotel 3 estrellas, transferencia ,SATISFECHO,64,4,7,4,320.67,5.86,1952.0,233.14
7059,Margarita,  Venezuela, Nacional , Placer ,HOTEL 5 ESTRELLAS,pago movil,Satisfecho,24,7,6,2,1892.13,155.68,7019.0,42.89
7060,santiago,Chile , Latinoamerica ,AVENTURA, Casa Familiar ,Zelle,Neutral,61,5,3,4,248.13,178.42,623.0,652.5
7061,PUNTA CANA,Republica Dominicana ,  Internacional,familia,Airbnb, Tarjeta Credito ,neutral,25,10,5,2,1032.37,-50.0,3234.0,200.55
7062,san jose,Costa Rica ,Latinoamerica ,Aventura, Casa Familiar , transferencia ,NEUTRAL,64,5,3,2,1680.68,209.01,2401.0,1359.0
7063,CANCUN,MEXICO,LATINOAMERICA,Familia, Hotel 3 Estrellas ,TARJETA CREDITO, Muy Satisfecho ,52,7,1,2,34.04,87.0,3362.0,1883.4
7064,Panama City, Panama ,LATINOAMERICA,Educacion, airbnb , Pago Movil ,Muy Satisfecho,31,5,2,1,405.53,74.68,604.0,788.74
7065,barcelona,España ,internacional,educacion,CASA FAMILIAR,PAGO MOVIL, insatisfecho ,34,11,1,4,1149.43,5.58,2734.0,4001.26
7066,NEW YORK,  Estados Unidos,Internacional,  Placer,Hotel 3 Estrellas, efectivo ,insatisfecho,53,4,1,3,485.46,41.1,1723.0,
7067,BOGOTA,Colombia ,LATINOAMERICA,AVENTURA, Hotel 3 Estrellas ,Zelle,satisfecho,67,5,1,3,248.76,320.86,3395.0,720.25
7068,maracaibo, Venezuela , Nacional ,PLACER,AIRBNB,ZELLE,Satisfecho,57,2,4,4,198.57,59.67,990.0,
7069, Buenos Aires ,Argentina ,latinoamerica, educacion ,Hostal, Tarjeta Credito ,Insatisfecho,21,7,3,2,112.81,94.94,5519.0,263.38
7070,Medellín, Colombia , Latinoamerica ,placer,AIRBNB,PAGO MOVIL,muy insatisfecho,19,12,1,3,,91.12,220.0,2856.77
7071,CANAIMA,venezuela,Nacional ,NEGOCIOS,Hostal,Zelle, satisfecho ,23,8,3,3,685.2,107.12,4115.0,43.78
7072,Toronto,  Canada,Internacional ,FAMILIA,Hotel 5 Estrellas, Tarjeta Debito ,Muy Insatisfecho,59,5,2,4,63.57,7.6,4939.0,591.29
7073,PARIS, Francia ,  Internacional, educacion ,AIRBNB, zelle ,muy insatisfecho,21,7,3,3,385.77,53.96,4249.0,72.57
7074,Buenos Aires, Argentina , Latinoamerica ,Familia,hostal,tarjeta credito, Neutral,46,10,6,2,366.76,154.1,1797.0,1306.5
7075,san jose,COSTA RICA,LATINOAMERICA,Placer,casa familiar, transferencia ,MUY SATISFECHO,35,9,2,4,160.46,26.86,1442.0,937.54
7076,LIMA,peru,Latinoamerica,PLACER,hotel 3 estrellas,transferencia,Insatisfecho,43,8,4,2,457.46,27.32,500000.0,1226.34
7077,Lisboa,  Portugal, Internacional , negocios ,HOTEL 5 ESTRELLAS,Zelle,muy satisfecho,61,8,2,3,322.89,1.22,651.0,469.17
7078,Quito,ECUADOR,LATINOAMERICA,EDUCACION,AIRBNB,efectivo,insatisfecho,51,11,4,3,334.6,69.04,1979.0,461.21
7079,Medellín,Colombia ,latinoamerica,EDUCACION, hostal ,PAGO MOVIL,Muy Satisfecho,27,9,4,2,1074.67,,2777.0,46.38
7080,medellin, Colombia , Latinoamerica ,Placer,CASA FAMILIAR,Transferencia,INSATISFECHO,53,10,3,1,202.12,6.4,3017.0,430.7
7081,CANCUN,  Mexico,latinoamerica,Familia,hostal,Tarjeta Credito,MUY SATISFECHO,31,6,1,3,821.46,25.45,570.0,2649.15
7082,MEDELLIN,colombia,LATINOAMERICA,EDUCACION,airbnb,tarjeta credito,NEUTRAL,48,6,5,1,676.39,44.54,2653.0,476.79
7083,rio de janeiro,BRASIL,LATINOAMERICA,placer,Hostal, Pago Movil ,MUY INSATISFECHO,65,4,4,3,671.64,157.89,4264.0,1780.03
7084,ROMA, Italia ,INTERNACIONAL,negocios,AIRBNB,Pago Movil,insatisfecho,32,5,4,1,870.16,122.81,128.0,
7085,lima,Peru,LATINOAMERICA, aventura ,hostal,pago movil,MUY INSATISFECHO,25,7,2,1,,64.53,6062.0,467.19
7086,BOGOTA,  Colombia,Latinoamerica ,Educacion,Hotel 5 Estrellas  ,transferencia,Insatisfecho,31,9,5,1,1691.26,,75.0,999.64
7087, Punta Cana ,REPUBLICA DOMINICANA,  Internacional,AVENTURA,Airbnb, Tarjeta Credito ,insatisfecho,40,4,1,2,900.57,112.88,1100.0,100.23
7088,GUAYAQUIL,ecuador,LATINOAMERICA,Familia, airbnb , Pago Movil ,neutral,57,8,3,1,633.43,271.65,,109.46
7089,Barquisimeto,VENEZUELA,Nacional ,negocios, Hotel 5 Estrellas ,TRANSFERENCIA, Muy Satisfecho ,38,6,2,1,1416.45,204.47,201.0,49.88
7090,Maracaibo,VENEZUELA,Nacional,EDUCACION, Hotel 3 Estrellas ,PAGO MOVIL,Insatisfecho,33,10,2,1,745.42,34.97,6053.0,869.92
7091, Barquisimeto ,VENEZUELA,Nacional ,aventura,Airbnb,TARJETA CREDITO,Muy Satisfecho,62,5,1,3,275.28,,-100.0,555.25
7092,SAO PAULO,Brasil ,latinoamerica, aventura ,CASA FAMILIAR,TARJETA CREDITO,NEUTRAL,35,11,3,1,185.64,16.07,1382.0,794.14
7093,Madrid,España,Internacional,PLACER, hostal ,EFECTIVO,satisfecho,64,13,3,3,132.21,49.31,606.0,736.21
7094,Lima,peru,latinoamerica, aventura ,CASA FAMILIAR, zelle , Muy Insatisfecho ,41,10,3,1,1837.72,923.14,2273.0,431.1
7095,VALENCIA,venezuela,  Nacional, familia ,hostal,Tarjeta Debito,INSATISFECHO,43,6,3,1,990.67,62.45,2258.0,1131.57
7096,santiago,chile, Latinoamerica ,aventura,airbnb,TARJETA CREDITO, Neutral,42,8,1,2,2216.52,29.89,1164.0,1420.89
7097,PUNTA CANA, Republica Dominicana , Internacional ,FAMILIA,Hotel 5 Estrellas,Tarjeta Debito,MUY SATISFECHO,62,8,6,3,739.64,172.5,1013.0,14.74
7098,ciudad de mexico,  Mexico,Latinoamerica ,FAMILIA,Airbnb,Efectivo,insatisfecho,58,10,2,1,,93.83,5406.0,232.24
7099, Punta Cana ,republica dominicana,internacional, Placer ,Hostal, zelle , Muy Satisfecho ,46,4,3,3,49.26,19.45,1208.0,1249.1
7100, Paris ,  Francia,  Internacional,negocios,Hotel 5 Estrellas,Transferencia, satisfecho ,32,10,4,3,890.92,57.5,1701.0,488.77
7101,caracas ,venezuela, Nacional ,FAMILIA,CASA FAMILIAR,ZELLE,insatisfecho,62,7,2,4,698.22,64.23,833.0,1086.14
7102,La Habana,Cuba,  Latinoamerica,aventura,hotel 5 estrellas,zelle,MUY INSATISFECHO,18,7,4,2,3701.02,168.21,3863.0,426.12
7103,Panama City, Panama ,  Latinoamerica, aventura , Casa Familiar ,TRANSFERENCIA,Insatisfecho,42,10,2,2,218.66,2.51,1266.0,495.54
7104,Ciudad de Mexico, Mexico , Latinoamerica ,familia, airbnb ,EFECTIVO,Muy Insatisfecho,24,3,5,2,605.27,37.6,1802.0,172.78
7105,medellin,COLOMBIA, Latinoamerica ,Aventura,hostal,Pago Movil,MUY SATISFECHO,26,2,4,4,,87.48,730.0,298.72
7106,San Jose,Costa Rica ,Latinoamerica,educacion, Hotel 3 Estrellas , zelle ,Insatisfecho,41,14,2,4,827.59,37.58,10987.0,100000.0
7107,BARQUISIMETO, Venezuela ,Nacional,placer, Casa Familiar ,Zelle,neutral,18,4,4,2,659.14,118.8,861.0,567.68
7108,cusco, Peru ,LATINOAMERICA,AVENTURA, hostal ,efectivo,NEUTRAL,61,7,5,4,1200.21,78.9,3682.0,1488.56
7109, Cusco ,Peru,latinoamerica,PLACER, Hotel 3 Estrellas ,PAGO MOVIL, satisfecho ,25,5,2,4,183.51,53.88,1394.0,1914.5
7110,toronto,canada, Internacional ,FAMILIA,HOTEL 3 ESTRELLAS,Zelle,NEUTRAL,41,11,1,4,1034.61,357.6,577.0,780.11
7111,Paris, Francia ,  Internacional,Familia, Casa Familiar ,  Pago Movil  ,satisfecho,28,9,4,2,773.51,120.01,,1419.92
7112,MEDELLIN, Colombia ,latinoamerica,FAMILIA,Hostal,pago movil,MUY SATISFECHO,68,4,1,2,1811.27,16.7,1015.0,366.59
7113,GUAYAQUIL,Ecuador ,LATINOAMERICA, Placer ,Hotel 3 Estrellas, Tarjeta Credito ,Muy Insatisfecho,34,2,3,2,1502.87,98.54,5010.0,536.09
7114,Margarita,  Venezuela,  Nacional,Aventura, Hotel 5 Estrellas ,TRANSFERENCIA, Muy Satisfecho ,25,6,4,4,302.84,182.1,6170.0,1247.5
7115,LISBOA,Portugal,Internacional ,Educacion,hotel 5 estrellas, Tarjeta Credito ,Muy Insatisfecho,52,3,1,2,258.63,147.92,4912.0,488.11
7116,paris,Francia ,INTERNACIONAL,Placer,hostal,zelle,Muy Insatisfecho,52,6,3,4,3198.65,22.66,89.0,887.96
7117,cartagena, Colombia , Latinoamerica ,educacion,AIRBNB,Transferencia,SATISFECHO,50,12,2,1,599.38,430.88,3871.0,205.02
7118,San Jose, Costa Rica ,Latinoamerica ,AVENTURA,hotel 5 estrellas,zelle, Neutral,22,5,2,4,1895.16,71.48,1325.0,915.72
7119,SAO PAULO,Brasil,Latinoamerica ,aventura,CASA FAMILIAR, transferencia , Neutral,59,7,3,3,143.19,20.78,5173.0,1976.98
7120, margarita ,VENEZUELA,NACIONAL,placer, hostal ,TARJETA DEBITO,Satisfecho,56,10,1,2,823.61,23.84,,2029.81
7121,new york,ESTADOS UNIDOS, Internacional ,NEGOCIOS,Hotel 3 Estrellas,pago movil, satisfecho ,58,6,5,2,1328.0,12.41,4484.0,-1000.0
7122,ciudad de mexico, Mexico ,  Latinoamerica,Educacion,HOTEL 5 ESTRELLAS,PAGO MOVIL, Muy Satisfecho ,45,6,7,3,2355.96,,1730.0,1369.45
7123,new york, Estados Unidos ,Internacional , familia ,hostal, Tarjeta Debito ,Satisfecho,24,2,1,4,329.19,15.62,1914.0,816.28
7124,ciudad de mexico,Mexico ,LATINOAMERICA, educacion ,HOSTAL,pago movil,Neutral,26,9,1,1,1032.73,16.04,,878.68
7125, Caracas ,  Venezuela,NACIONAL, aventura ,airbnb,EFECTIVO,SATISFECHO,25,8,1,3,619.16,228.03,3831.0,143.47
7126,Buenos Aires,  Argentina,  Latinoamerica,AVENTURA,hotel 3 estrellas,PAGO MOVIL,satisfecho,29,7,3,3,50.04,,1359.0,586.73
7127,caracas,Venezuela , Nacional ,placer,HOTEL 3 ESTRELLAS,Pago Movil, Muy Insatisfecho ,51,4,3,4,936.95,3.76,1733.0,599.25
7128,LISBOA,Portugal ,INTERNACIONAL,NEGOCIOS,Hotel 3 Estrellas,pago movil,Satisfecho,50,2,6,2,937.2,6.39,3844.0,3182.01
7129, Paris ,francia,INTERNACIONAL,Familia,casa familiar, transferencia ,MUY SATISFECHO,65,5,3,4,2134.37,18.4,2284.0,564.03
7130,barcelona, España ,INTERNACIONAL,educacion, hostal , Tarjeta Credito ,satisfecho,40,2,4,3,550.23,28.8,561.0,797.05
7131,BUENOS AIRES,argentina,latinoamerica,Negocios,Casa Familiar,EFECTIVO,Muy Satisfecho  ,41,3,3,3,209.35,131.29,2230.0,761.96
7132,maracaibo,VENEZUELA,Nacional,familia,Casa Familiar,pago movil,INSATISFECHO,54,9,3,2,36.47,20.54,1309.0,1012.7
7133,Paris, Francia ,  Internacional,AVENTURA,Hostal,EFECTIVO,MUY INSATISFECHO,52,7,3,2,429.79,15.19,1585.0,1379.25
7134, Toronto , Canada ,internacional, aventura ,hotel 3 estrellas,transferencia,MUY INSATISFECHO,61,8,1,2,287.53,173.64,72.0,254.95
7135,Valencia,Venezuela,NACIONAL, Placer ,Hostal,Efectivo,INSATISFECHO,57,1,1,4,,133.42,589.0,
7136, Guayaquil , Ecuador ,Latinoamerica,Placer, airbnb , efectivo ,MUY INSATISFECHO,-5,9,5,2,349.9,68.58,825.0,1748.23
7137,valencia,VENEZUELA,  Nacional, educacion ,hostal,Tarjeta Debito, Muy Insatisfecho ,44,9,3,3,2381.86,95.64,3120.0,621.97
7138,new york,  Estados Unidos,Internacional , negocios ,HOSTAL,transferencia,NEUTRAL,52,10,3,3,2622.69,44.87,29.0,326.36
7139, New York ,  Estados Unidos,  Internacional,negocios, Hotel 5 Estrellas , Pago Movil ,NEUTRAL,18,4,2,1,775.98,79.05,1314.0,1063.37
7140,MERIDA, Venezuela ,nacional,familia,AIRBNB,TARJETA CREDITO,Satisfecho,52,5,1,4,2112.24,84.79,6443.0,1735.95
7141,QUITO,  Ecuador,latinoamerica,educacion,HOTEL 5 ESTRELLAS,TARJETA CREDITO,INSATISFECHO,54,1,4,1,1144.55,58.77,297.0,65.22
7142,cancun,mexico,latinoamerica,Placer,Hotel 3 Estrellas,TARJETA CREDITO,MUY SATISFECHO,64,7,4,3,633.24,284.47,1816.0,1499.64
7143,medellin, Colombia ,  Latinoamerica,educacion, Hotel 3 Estrellas ,TARJETA CREDITO, insatisfecho ,31,14,3,1,159.06,1.94,3861.0,1724.0
7144,Paris,francia, Internacional ,aventura,Airbnb,pago movil,INSATISFECHO,20,3,4,3,490.87,182.89,7141.0,619.01
7145,lima,Peru ,LATINOAMERICA,PLACER,casa familiar, Tarjeta Credito ,neutral,18,7,2,1,658.38,15.94,3434.0,4092.69
7146, Canaima ,Venezuela ,  Nacional, negocios , hostal , transferencia ,Neutral,22,7,4,2,1595.85,191.67,3187.0,1545.09
7147,CIUDAD DE MEXICO,Mexico,Latinoamerica , Placer ,HOTEL 5 ESTRELLAS, transferencia ,MUY INSATISFECHO,43,7,2,1,525.2,114.83,4379.0,1485.73
7148,MIAMI, Estados Unidos ,Internacional ,AVENTURA,Airbnb, efectivo ,muy satisfecho,31,12,1,2,1823.68,222.39,1477.0,1377.69
7149,Canaima,Venezuela ,Nacional , Placer ,Hotel 5 Estrellas,Tarjeta Debito, Neutral,56,9,3,2,897.54,12.31,4098.0,163.23
7150,BUENOS AIRES,Argentina ,LATINOAMERICA,Negocios,Hostal,zelle,Muy Insatisfecho,44,4,5,4,117.87,98.24,20.0,244.92
7151,PUNTA CANA,  Republica Dominicana,Internacional, aventura ,casa familiar,tarjeta credito,MUY SATISFECHO,150,6,4,2,4235.68,83.44,,623.6
7152, San Jose ,Costa Rica,latinoamerica,familia, Hotel 5 Estrellas ,ZELLE,neutral,32,10,2,2,599.32,146.98,1464.0,306.53
7153,CUSCO,Peru,LATINOAMERICA,Educacion,AIRBNB,zelle,INSATISFECHO,32,6,5,1,397.88,91.7,2015.0,536.56
7154,Ciudad de Mexico,  Mexico,latinoamerica,Familia, hostal ,zelle,INSATISFECHO,43,10,4,3,860.97,93.38,736.0,2193.41
7155,Barquisimeto, Venezuela ,NACIONAL,aventura,Hostal,EFECTIVO,muy satisfecho,59,6,6,4,92.23,67.37,3392.0,1739.13
7156,BOGOTA,colombia,  Nacional  , aventura ,CASA FAMILIAR,transferencia,muy satisfecho,30,5,1,2,809.67,44.33,199.0,994.36
7157,cordoba, Argentina ,LATINOAMERICA, aventura ,Airbnb, Tarjeta Credito , Neutral,68,4,1,4,551.7,78.99,5152.0,1952.78
7158,RIO DE JANEIRO,brasil,Latinoamerica, negocios , hostal ,pago movil,neutral,49,8,8,1,417.61,,4402.0,1531.42
7159,Bogota,Colombia,  Latinoamerica,AVENTURA, Hotel 5 Estrellas , efectivo ,MUY SATISFECHO,56,7,1,2,2446.43,390.89,609.0,560.34
7160,Bogota,COLOMBIA,Latinoamerica ,educacion, Hotel 3 Estrellas ,transferencia,MUY SATISFECHO,66,9,5,1,591.42,150.38,,224.48
7161, valencia , Venezuela ,nacional,Negocios, airbnb ,pago movil, Muy Insatisfecho ,69,5,3,4,197.86,365.56,3859.0,721.96
7162,SAO PAULO,BRASIL,LATINOAMERICA,Aventura,Hotel 5 Estrellas, transferencia , Muy Insatisfecho ,49,4,4,1,491.41,30.85,2501.0,
7163,BOGOTA,colombia,Latinoamerica,NEGOCIOS, Casa Familiar ,tarjeta credito,Muy Insatisfecho,21,4,3,4,2014.48,253.77,1169.0,573.45
7164, Roma , Italia ,Internacional, educacion ,casa familiar,efectivo,Insatisfecho,47,7,1,1,154.96,198.53,792.0,1098.93
7165,Paris,FRANCIA,Internacional ,Educacion,HOSTAL, zelle ,INSATISFECHO,54,6,1,4,192.6,135.67,659.0,99.08
7166, valencia ,VENEZUELA,NACIONAL,Negocios, Casa Familiar ,efectivo,MUY INSATISFECHO,40,-3,3,3,10.49,117.71,959.0,1378.34
7167,Bogotá, Colombia ,  Latinoamerica,PLACER, Hotel 3 Estrellas , efectivo ,muy insatisfecho,56,12,1,1,11.43,45.67,5847.0,1675.12
7168,panama city,PANAMA,latinoamerica,Familia,HOTEL 5 ESTRELLAS, Tarjeta Credito ,muy satisfecho,62,7,4,1,1414.71,203.41,202.0,1227.03
7169,BOGOTA, Colombia ,  Latinoamerica,aventura,AIRBNB,ZELLE,INSATISFECHO,32,10,1,3,1053.78,83.54,,3419.27
7170,Merida,VENEZUELA, Nacional ,FAMILIA,hostal,Zelle,MUY INSATISFECHO,60,10,3,3,350.85,8.82,1073.0,1752.45
7171, Lisboa ,Portugal,Internacional,Educacion,airbnb,TARJETA DEBITO,SATISFECHO,46,10,5,1,958.69,45.03,1843.0,2334.01
7172,Cancun, Mexico ,Latinoamerica,Familia, Hotel 5 Estrellas ,Tarjeta Debito,NEUTRAL,53,8,2,3,402.29,328.55,3956.0,2711.62
7173,quito,Ecuador,Latinoamerica ,Placer,Hotel 3 Estrellas,transferencia, Muy Insatisfecho ,30,8,3,2,2444.33,228.2,5394.0,1616.2
7174,NEW YORK,  Estados Unidos,INTERNACIONAL,familia,hotel 5 estrellas, Pago Movil , insatisfecho ,49,8,3,4,,481.46,1057.0,1121.65
7175, Madrid ,España , Internacional ,familia,hotel 5 estrellas, Tarjeta Debito ,Muy Insatisfecho,24,9,1,4,399.11,118.66,1549.0,5.73
7176,Canaima,Venezuela, Nacional ,EDUCACION,hostal, Tarjeta Credito ,Satisfecho,68,7,3,4,1540.54,34.12,1338.0,627.03
7177,BARQUISIMETO,VENEZUELA, Nacional ,EDUCACION, airbnb , efectivo ,muy satisfecho,39,1,4,2,1186.56,21.33,33.0,846.68
7178,CUSCO,peru,LATINOAMERICA, aventura , Hotel 5 Estrellas ,zelle,INSATISFECHO,45,10,2,3,,24.83,877.0,362.45
7179,Lima,  Peru,latinoamerica,Negocios, Hotel 5 Estrellas , efectivo , Muy Satisfecho ,19,8,1,3,,2.4,1537.0,382.88
7180,QUITO,Ecuador,Latinoamerica,AVENTURA, Hotel 3 Estrellas , Tarjeta Credito ,NEUTRAL,59,6,5,1,490.34,59.45,1324.0,3248.29
7181,MIAMI,  Estados Unidos,INTERNACIONAL,educacion,casa familiar,Efectivo,MUY SATISFECHO,62,500,4,3,1216.22,25.5,3200.0,2222.95
7182, Panama City ,Panama, Latinoamerica , aventura ,Hotel 3 Estrellas,ZELLE,Muy Insatisfecho,23,6,3,1,2578.46,63.65,1215.0,1891.66
7183,PUNTA CANA,Republica Dominicana,Internacional, familia ,Airbnb, Tarjeta Debito ,satisfecho,45,10,3,2,1153.71,327.99,1680.0,520.9
7184, Barquisimeto ,venezuela,Nacional,FAMILIA,AIRBNB,pago movil,muy satisfecho,45,7,3,4,1545.96,67.57,1404.0,13.79
7185,LIMA,peru, Latinoamerica ,educacion, hostal ,zelle, satisfecho ,61,5,4,4,739.18,252.43,3374.0,83.62
7186,Córdoba,Argentina, Latinoamerica ,educacion,casa familiar, zelle ,INSATISFECHO,61,8,3,4,1443.43,111.62,4969.0,374.25
7187,paris,Francia ,Internacional,Aventura,airbnb, zelle ,INSATISFECHO,37,5,4,3,1227.54,34.06,1898.0,15.87
7188,medellin,colombia,Latinoamerica ,AVENTURA,CASA FAMILIAR,transferencia,Muy Insatisfecho,47,6,2,1,378.55,52.78,3895.0,17.3
7189, Canaima ,venezuela,  Nacional,FAMILIA,Hotel 3 Estrellas,Transferencia,Muy Insatisfecho,28,9,2,1,642.35,10.52,880.0,2484.15
7190, Cusco ,peru,  Latinoamerica,NEGOCIOS,airbnb,zelle, Muy Insatisfecho ,45,3,2,2,1306.79,48.68,1949.0,1224.71
7191,lima, Peru ,Latinoamerica, negocios , Hotel 5 Estrellas ,Tarjeta Credito,satisfecho,42,9,0,3,37.72,135.81,1059.0,369.55
7192,CARTAGENA,  Colombia,latinoamerica,EDUCACION, airbnb , zelle , Neutral,56,11,4,2,1320.54,8.98,1337.0,142.31
7193, medellin ,Colombia,latinoamerica,Aventura, Casa Familiar ,transferencia, Neutral,50,4,5,1,156.7,27.59,3296.0,716.69
7194,Lisboa,Portugal ,Internacional , negocios ,airbnb,TRANSFERENCIA,neutral,18,8,6,1,578.36,57.64,5336.0,5.36
7195,CUSCO,peru,LATINOAMERICA,aventura,Hostal,Efectivo,Insatisfecho,44,9,2,4,1321.36,482.42,324.0,2787.32
7196,PARIS, Francia ,Internacional,placer,hotel 5 estrellas,Tarjeta Credito,insatisfecho,69,7,100,3,234.23,184.38,2517.0,535.83
7197,cancun,  Mexico,latinoamerica,FAMILIA, hostal ,tarjeta debito,NEUTRAL,30,1,2,1,225.69,158.68,,514.72
7198, Maracaibo ,VENEZUELA,Nacional, aventura ,HOTEL 3 ESTRELLAS,Efectivo, Muy Insatisfecho ,58,4,5,4,412.35,14.82,315.0,495.27
7199,PUNTA CANA,REPUBLICA DOMINICANA,Internacional ,Aventura,AIRBNB,TRANSFERENCIA,muy satisfecho,20,7,6,3,1800.32,182.24,595.0,71.85
7200, Barcelona ,españa, Internacional ,Aventura,AIRBNB,efectivo,NEUTRAL,56,6,5,2,0.35,184.6,931.0,1017.0
