ID_Migrante,Edad,País_Destino,Años_Residencia,Motivo_Migración,Nivel_Educativo,¿Trabaja?,Salario_Mensual (USD),Estado_Civil,Red_Apoyo,¿Plan_Retorno?,Fecha_Salida
2001,56,España,6.46,Educación,Técnico,S,1796.08,Divorciado,Amigos,Sí,2020-02-07
2002,69,EE.UU.,0.36,Económico,Primaria,No,1653.14,Divorciado,ONG,No,2015-12-11
2003,46,Colombia,5.9,Económico,Primaria,Sí,749.45,Casado,ONG,No,2017-03-24
2004,32,Panamá,9.41,Familiar,Bachiller,No,592.9,,ONG,No,2020-06-10
2005,60,Panamá,5.8,Violencia,Técnico,Sí,821.42,Soltero,Ninguno,No,2018-08-03
2006,25,Argentina,3.94,Político,Secundaria,Sí,1221.56,Viudo,Amigos,Sí,2020-06-22
2007,38,Colombia,6.47,Economía,Universitario,Sí,609.32,,Amigos,Sí,2019-08-05
2008,56,México,4.64,Político,Universitario,Sí,1285.88,Viudo,Gobierno,Sí,2018-08-20
2009,36,Panamá,5.5,Familiar,Bachiller,Sí,877.88,Casado,Gobierno,Sí,2017-12-28
2010,40,Perú,9.42,Violencia,Universitario,No,1148.89,Soltero,Gobierno,No,2021-08-05
2011,28,Mejico,3.92,Violencia,Primaria,S,928.64,Viudo,ONG,No,2017-10-06
2012,28,Mejico,9.62,Violencia,Primaria,Si,659.48,Viudo,ONG,No,2016-12-04
2013,41,Mejico,9.06,Familiar,Técnico,No,1902.06,Casado,ONG,No,2016-07-28
2014,53,Mejico,2.04,Educación,Primaria,No,1550.85,Casado,Ninguno,Sí,2019-05-28
2015,57,Mejico,0.79,Político,Bachiller,Sí,366.22,,Amigos,No,2018-01-17
2016,41,Mejico,1.1,Educación,Técnico,Sí,1750.09,Viudo,Familia,No,2016-11-18
2017,20,EE.UU.,0.28,Económico,Bachiller,No,1026.12,,Gobierno,No,2016-05-03
2018,39,Argentina,1.03,Economía,Técnico,Si,1799.65,Divorciado,Gobierno,Sí,2018-09-09
2019,19,Colombia,6.86,Familiar,Bachiller,No,1619.72,Casado,Familia,Sí,2016-05-08
2020,41,Chile,0.8,Familiar,Primaria,Sí,907.91,Casado,Gobierno,Sí,2019-07-26
2021,61,Colombia,3.26,economico,Secundaria,No,142.69,,Familia,No,2019-06-26
2022,47,EE.UU.,8.46,ECONÓMICO,Secundaria,Sí,610.49,Divorciado,ONG,No,2015-01-19
2023,55,Panamá,0.33,Economía,Secundaria,No,1129.11,Soltero,ONG,Sí,2021-09-10
2024,19,Colombia,8.16,ECONOMIA,Primaria,No,1303.61,,ONG,Sí,2017-09-27
2025,38,Panamá,2.89,económico,Universitario,No,589.99,,Ninguno,No,2017-04-30
2026,50,Perú,1.27,Economico,Bachiller,No,364.78,Soltero,Familia,No,2018-10-20
2027,29,Colombia,7.0,Educación,Primaria,No,1686.37,Viudo,Gobierno,No,2018-09-16
2028,39,Colombia,6.33,Economía,Universitario,Si,1970.36,,Familia,Sí,2018-09-29
2029,61,Chile,8.79,Violencia,Bachiller,Sí,1098.81,Casado,Familia,No,2017-04-01
2030,42,España,7.38,Violencia,Técnico,No,426.19,Divorciado,Amigos,No,2016-03-30
2031,66,Argentina,8.05,Economía,Universitario,No,-500.0,Soltero,Gobierno,,2019-06-13
2032,44,España,2.89,Político,Bachiller,S,5000.0,Viudo,Gobierno,No,2016-12-11
2033,59,España,1.86,Violencia,Secundaria,Sí,10.0,Viudo,Amigos,No,2020-12-30
2034,45,Chile,7.53,Violencia,Universitario,No,9999.0,Viudo,Amigos,Sí,2017-07-05
2035,33,Argentina,8.09,Familiar,Primaria,Si,-100.0,,Gobierno,,2019-02-05
2036,32,México,9.91,Educación,Primaria,No,3000.0,Soltero,Gobierno,Sí,2018-12-11
2037,64,Perú,4.18,Educación,Primaria,Sí,1152.94,Viudo,Ninguno,Sí,2015-11-01
2038,68,EE.UU.,3.78,Violencia,Primaria,Sí,1337.7,Viudo,Familia,Sí,2017-01-05
2039,61,Panamá,7.79,Educación,Secundaria,Sí,1676.51,Viudo,Amigos,No,2021-05-27
2040,69,Colombia,3.47,Político,Primaria,Sí,492.2,Viudo,ONG,Sí,2020-05-17
2041,20,Argentina,9.31,Económico,Primaria,No,120.89,Soltero,Ninguno,No,2019-12-05
2042,54,Chile,8.6,Político,Universitario,No,360.08,Divorciado,Amigos,Sí,2020-03-01
2043,68,Argentina,4.35,Economía,Secundaria,S,1810.04,Soltero,Familia,Sí,2018-03-15
2044,24,EE.UU.,7.53,Político,Universitario,No,1760.39,Divorciado,Amigos,No,2019-07-10
2045,38,México,7.57,Político,Técnico,S,1235.08,Divorciado,ONG,No,
2046,26,EE.UU.,1.12,Económico,Universitario,No,1240.98,Soltero,Gobierno,No,2020-01-01
2047,56,México,9.04,Económico,Secundaria,No,1363.57,Divorciado,ONG,Sí,2019-01-13
2048,35,Colombia,5.1,Familiar,Primaria,No,433.21,Divorciado,Gobierno,,2020-05-01
2049,21,México,8.28,Educación,Universitario,Si,1837.38,Divorciado,ONG,No,2018-03-23
2050,42,EE.UU.,3.27,Familiar,Bachiller,No,895.66,,Ninguno,No,2016-10-26
2051,31,Perú,8.97,Violencia,Primaria,No,827.96,Soltero,Amigos,No,2015-01-12
2052,67,Panamá,3.95,Político,Técnico,Sí,1085.94,Casado,ONG,Sí,2018-03-02
2053,26,España,0.21,Político,Técnico,No,189.24,Divorciado,Familia,Sí,2015-10-31
2054,43,España,9.06,Violencia,Universitario,Sí,415.94,Viudo,Familia,No,2019-10-30
2055,19,México,1.0,Familiar,Secundaria,No,1502.26,Soltero,Amigos,,2015-02-12
2056,37,España,3.26,Familiar,Técnico,Sí,257.32,Casado,ONG,No,2017-08-01
2057,45,Panamá,9.51,Economía,Secundaria,No,1245.99,,ONG,Sí,2021-07-18
2058,64,España,9.51,Educación,Técnico,No,566.16,Divorciado,Familia,No,2018-09-11
2059,24,Perú,5.78,Economía,Técnico,No,839.66,Divorciado,Ninguno,,2021-08-08
2060,61,Panamá,6.36,Economía,Bachiller,Sí,648.52,Soltero,Familia,Sí,2017-06-09
2061,25,México,4.54,Económico,Universitario,S,775.78,Viudo,Ninguno,No,2021-10-10
2062,64,España,3.0,Economía,Bachiller,Sí,1466.19,Soltero,Gobierno,No,2017-10-01
2063,52,Argentina,3.35,Económico,Bachiller,No,664.53,Casado,Gobierno,No,2015-01-21
2064,31,Colombia,6.76,Familiar,Secundaria,No,1176.17,Soltero,Ninguno,Sí,2016-02-11
2065,34,Perú,7.55,Económico,Bachiller,No,1004.5,Soltero,Familia,No,2017-10-11
2066,53,Chile,7.94,Violencia,Secundaria,No,1360.98,Casado,Familia,No,2015-12-02
2067,67,España,7.92,Político,Universitario,No,1879.98,Divorciado,Amigos,No,2020-01-13
2068,57,México,1.0,Político,Primaria,No,1491.89,,Amigos,No,2018-02-21
2069,21,Perú,4.99,Violencia,Bachiller,Sí,508.39,Divorciado,ONG,No,2021-09-12
2070,19,España,0.67,Educación,Universitario,Sí,159.25,Viudo,Amigos,Sí,2020-01-02
2071,23,Argentina,5.54,Político,Primaria,No,598.3,Viudo,Familia,No,2016-12-15
2072,59,México,4.47,Educación,Bachiller,No,1230.65,Soltero,Gobierno,No,2015-02-20
2073,21,Argentina,8.89,Economía,Bachiller,Si,197.71,,Amigos,No,2015-11-20
2074,46,EE.UU.,3.57,Familiar,Técnico,Sí,1043.1,Soltero,ONG,No,2017-02-27
2075,35,Chile,1.26,Familiar,Universitario,No,1234.0,Divorciado,Gobierno,Sí,2015-05-21
2076,43,Argentina,1.52,Educación,Técnico,Sí,735.06,,Gobierno,No,2016-04-14
2077,61,México,7.64,Político,Universitario,No,1564.73,Viudo,Gobierno,,2017-02-25
2078,51,Argentina,6.22,Educación,Técnico,Sí,302.54,Soltero,Gobierno,No,2019-12-31
2079,27,Chile,1.1,Político,Bachiller,Sí,242.76,Divorciado,Amigos,No,2018-09-19
2080,53,España,0.93,Educación,Técnico,No,1483.56,Divorciado,Gobierno,Sí,2020-03-31
2081,31,España,7.04,Político,Bachiller,No,1041.43,Viudo,Amigos,,2017-08-21
2082,48,Panamá,0.82,Familiar,Primaria,No,1407.96,Viudo,ONG,No,2016-01-08
2083,65,Chile,8.24,Político,Técnico,Sí,926.17,Viudo,Familia,No,2019-08-20
2084,32,Chile,7.09,Educación,Técnico,No,568.16,,Familia,No,2018-03-25
2085,25,Perú,0.91,Político,Técnico,No,1656.29,,ONG,No,2021-05-27
2086,31,Argentina,0.94,Economía,Secundaria,No,1618.89,,Ninguno,,2019-07-30
2087,40,México,9.87,Educación,Bachiller,No,1419.92,Soltero,Ninguno,,2015-04-16
2088,57,Perú,3.81,Educación,Técnico,No,617.08,Divorciado,Ninguno,No,2018-12-14
2089,38,España,3.77,Económico,Técnico,S,1221.44,,ONG,No,2019-08-09
2090,33,España,8.15,Político,Bachiller,No,785.85,Viudo,Gobierno,Sí,2015-01-02
2091,62,Argentina,9.48,Educación,Primaria,No,274.01,Viudo,Ninguno,No,2020-11-07
2092,35,España,9.86,Educación,Bachiller,Sí,1842.9,Casado,Amigos,,2015-12-16
2093,64,España,7.56,Político,Primaria,No,359.96,,Ninguno,No,2018-07-10
2094,41,México,3.82,Económico,Bachiller,Si,1905.45,,Amigos,No,2017-11-28
2095,43,EE.UU.,0.93,Político,Secundaria,Sí,947.41,Divorciado,Familia,No,2021-01-15
2096,42,España,7.79,Economía,Secundaria,Sí,451.75,Viudo,Ninguno,No,2021-06-17
2097,62,EE.UU.,5.63,Violencia,Universitario,No,1129.61,Soltero,ONG,No,2016-03-20
2098,58,Argentina,4.3,Político,Primaria,Si,1758.6,Casado,ONG,Sí,2021-06-03
2099,46,Panamá,9.07,Educación,Bachiller,No,1491.23,Casado,Gobierno,No,2017-08-09
2100,32,México,1.2,Económico,Técnico,Sí,1632.47,Viudo,Familia,No,2015-02-05
2101,62,Panamá,4.98,Económico,Técnico,No,1351.69,Casado,Gobierno,No,2018-01-12
2102,18,EE.UU.,0.21,Economía,Primaria,Sí,1415.33,Soltero,Ninguno,Sí,2019-01-15
2103,42,Perú,4.74,Familiar,Secundaria,Si,1713.47,Divorciado,Gobierno,Sí,2019-12-04
2104,24,Argentina,0.66,Educación,Universitario,Sí,574.37,,Gobierno,Sí,2020-01-20
2105,26,EE.UU.,1.28,Educación,Secundaria,S,1029.91,Soltero,Familia,No,2018-11-09
2106,41,Argentina,1.26,Político,Primaria,S,520.3,,Familia,No,2018-04-10
2107,18,México,6.53,Político,Técnico,Sí,1976.57,Divorciado,ONG,Sí,2018-10-31
2108,61,Argentina,7.49,Económico,Técnico,No,1893.71,Casado,Amigos,No,2019-09-05
2109,25,Panamá,5.88,Economía,Técnico,Sí,174.91,Viudo,Gobierno,,2018-10-17
2110,41,Perú,9.63,Violencia,Primaria,Si,1440.59,Casado,ONG,No,2020-12-28
2111,28,Argentina,3.81,Familiar,Bachiller,Sí,1857.97,Viudo,Amigos,,2018-07-24
2112,68,Panamá,2.93,Educación,Técnico,Sí,443.09,Viudo,Gobierno,No,2018-05-28
2113,34,Colombia,8.7,Político,Técnico,Sí,1179.1,Viudo,Familia,Sí,2016-06-04
2114,25,EE.UU.,2.31,Económico,Bachiller,Sí,1839.43,Viudo,Familia,No,2019-12-12
2115,52,Argentina,9.64,Educación,Primaria,Sí,164.5,Viudo,ONG,,2015-01-10
2116,52,Argentina,0.22,Económico,Técnico,Sí,1425.1,Divorciado,Ninguno,No,2017-09-10
2117,50,Perú,9.7,Político,Bachiller,Sí,664.96,,ONG,Sí,2021-08-22
2118,22,EE.UU.,0.53,Violencia,Universitario,No,1856.35,Divorciado,ONG,No,2019-07-15
2119,59,Panamá,8.92,Educación,Técnico,Sí,1945.01,Viudo,Ninguno,No,2019-07-19
2120,56,Colombia,5.32,Violencia,Bachiller,Sí,1894.11,Soltero,ONG,Sí,2021-01-08
2121,58,Chile,9.93,Familiar,Primaria,Sí,1001.01,Soltero,Gobierno,No,2016-12-20
2122,45,España,0.83,Educación,Universitario,No,1737.88,Casado,Familia,No,2017-12-08
2123,24,Chile,5.58,Economía,Técnico,Sí,1704.64,Divorciado,Familia,No,2017-05-08
2124,26,Colombia,9.7,Economía,Secundaria,No,706.29,Casado,ONG,Sí,2018-08-09
2125,25,EE.UU.,5.28,Educación,Secundaria,No,1674.94,Casado,Ninguno,No,2019-05-23
2126,29,EE.UU.,6.33,Educación,Secundaria,Sí,170.31,Divorciado,Amigos,No,2015-02-19
2127,51,Perú,6.99,Político,Bachiller,Sí,1232.91,,Ninguno,Sí,2015-05-26
2128,50,México,4.6,Violencia,Primaria,S,537.02,,Familia,Sí,2017-07-03
2129,65,Estados Unidos,6.31,Educación,Secundaria,S,329.08,,Ninguno,No,2019-01-02
2130,40,Argentina,5.88,Político,Bachiller,S,246.21,Viudo,Amigos,,2021-04-08
2131,41,México,9.02,Político,Bachiller,Sí,1422.95,Soltero,ONG,Sí,2016-08-03
2132,54,Perú,0.55,Violencia,Universitario,No,745.76,Soltero,Ninguno,Sí,2019-05-04
2133,52,México,2.88,Violencia,Secundaria,Si,1477.06,Viudo,Gobierno,No,2016-04-27
2134,61,Colombia,9.51,Económico,Secundaria,S,224.18,Divorciado,ONG,No,2018-06-03
2135,57,Argentina,8.91,Económico,Bachiller,No,699.05,Soltero,Familia,Sí,2016-11-03
2136,39,México,4.61,Educación,Bachiller,Sí,1125.03,Divorciado,Amigos,Sí,2016-09-22
2137,44,Panamá,6.24,Político,Primaria,No,1602.37,Divorciado,ONG,No,2016-10-23
2138,52,Colombia,2.85,Economía,Bachiller,S,705.63,Divorciado,ONG,No,2021-10-02
2139,18,Panamá,1.96,Económico,Universitario,Sí,1289.19,Viudo,Gobierno,No,2017-09-14
2140,52,Colombia,4.69,Político,Bachiller,Sí,1783.36,,Ninguno,Sí,2019-03-27
2141,54,Chile,3.6,Economía,Universitario,Si,1270.14,Viudo,Ninguno,No,2016-10-11
2142,64,Colombia,5.88,Familiar,Universitario,Sí,542.62,Viudo,Familia,No,2017-08-26
2143,31,Panamá,0.87,Familiar,Técnico,Sí,146.36,Soltero,Familia,No,2018-01-05
2144,20,Colombia,9.75,Económico,Bachiller,Sí,1753.19,Viudo,Ninguno,No,2016-03-16
2145,18,Colombia,9.86,Educación,Bachiller,No,140.41,,Amigos,No,2017-07-09
2146,22,México,7.01,Político,Primaria,No,1761.93,,Familia,No,2017-02-08
2147,43,Chile,5.41,Violencia,Secundaria,No,1104.98,,Gobierno,No,2018-09-05
2148,31,Argentina,3.16,Educación,Universitario,Sí,1884.23,Divorciado,Amigos,No,2020-01-01
2149,56,España,8.16,Económico,Primaria,No,1617.69,Soltero,Amigos,No,2015-09-20
2150,44,Chile,6.88,Político,Secundaria,Sí,1996.07,Divorciado,Amigos,,2019-04-27
2151,26,Chile,1.71,Educación,Técnico,No,766.35,Viudo,Familia,No,2017-09-25
2152,32,Argentina,9.12,Educación,Primaria,No,1557.66,,Amigos,No,2016-11-30
2153,32,Chile,8.24,Violencia,Primaria,Sí,863.67,,Familia,No,2021-06-07
2154,43,Chile,9.5,Educación,Bachiller,Sí,1011.76,Divorciado,ONG,Sí,2019-05-23
2155,59,México,7.28,Educación,Técnico,No,1292.26,Casado,Ninguno,No,2018-05-26
2156,30,Colombia,6.17,Económico,Técnico,No,1759.99,Casado,Amigos,No,2018-01-30
2157,68,España,4.24,Familiar,Secundaria,No,1969.76,Viudo,Familia,No,2021-05-24
2158,49,Colombia,9.33,Político,Primaria,No,1559.72,,Ninguno,No,2018-04-05
2159,56,Perú,8.67,Violencia,Primaria,No,893.76,Divorciado,ONG,No,2017-10-02
2160,66,España,0.55,Violencia,Bachiller,S,900.58,Viudo,Amigos,Sí,2015-02-05
2161,69,México,0.36,Económico,Secundaria,Sí,1501.41,Casado,ONG,No,2017-01-13
2162,49,Colombia,3.83,Violencia,Bachiller,Sí,553.68,Viudo,Gobierno,No,2019-10-31
2163,21,España,8.12,Economía,Técnico,S,309.9,,Amigos,Sí,2015-12-19
2164,47,España,9.87,Familiar,Técnico,Sí,773.78,Casado,Amigos,Sí,2020-04-06
2165,54,Panamá,1.59,Economía,Primaria,No,645.75,Soltero,Amigos,,2015-03-14
2166,40,México,5.98,Violencia,Primaria,Sí,662.99,,Ninguno,No,2018-10-08
2167,56,Panamá,3.87,Educación,Primaria,No,543.85,,ONG,No,2020-03-29
2168,62,México,9.7,Político,Secundaria,Si,179.98,,Gobierno,No,2017-12-29
2169,32,México,8.44,Familiar,Secundaria,Sí,133.96,Viudo,Familia,No,2021-10-08
2170,60,Colombia,8.4,Educación,Bachiller,Si,1976.67,Soltero,Ninguno,Sí,2016-12-08
2171,46,EE.UU.,4.74,Economía,Universitario,S,912.77,Soltero,Gobierno,Sí,2019-12-10
2172,53,Panamá,4.21,Educación,Secundaria,Sí,830.22,,ONG,Sí,2017-08-13
2173,30,Perú,2.81,Familiar,Secundaria,S,1391.33,,Ninguno,No,2021-10-11
2174,49,Panamá,0.66,Educación,Primaria,No,514.68,Soltero,Gobierno,Sí,2015-06-09
2175,24,México,8.66,Político,Primaria,Sí,1904.93,Soltero,Ninguno,No,2021-01-05
2176,68,España,8.15,Familiar,Bachiller,Sí,1594.06,Divorciado,Familia,No,2019-10-02
2177,39,Panamá,10.0,Violencia,Primaria,Si,269.88,Divorciado,Amigos,No,2019-05-05
2178,45,Chile,9.97,Economía,Universitario,Sí,893.4,Casado,Ninguno,No,2015-03-08
2179,19,Chile,5.6,Educación,Técnico,Sí,1770.32,Casado,Gobierno,No,2021-08-25
2180,59,Colombia,7.71,Familiar,Técnico,Sí,1894.99,Divorciado,Gobierno,No,2015-02-27
2181,62,México,9.45,Educación,Universitario,S,988.06,Casado,Gobierno,No,2015-12-08
2182,23,Colombia,8.51,Educación,Técnico,Sí,1265.48,Viudo,Amigos,,2018-02-27
2183,45,Colombia,2.55,Político,Primaria,No,417.36,Casado,Gobierno,No,2018-04-10
2184,45,Panamá,4.56,Economía,Primaria,S,1983.22,Viudo,Amigos,Sí,2018-05-17
2185,61,EE.UU.,1.38,Violencia,Técnico,No,540.18,,Familia,Sí,2021-07-29
2186,61,España,9.55,Educación,Bachiller,No,1891.19,Viudo,ONG,Sí,2019-02-03
2187,37,México,6.1,Educación,Universitario,No,1334.33,,Gobierno,No,2019-12-27
2188,47,Chile,2.36,Político,Técnico,No,1254.7,Casado,Ninguno,No,2015-04-26
2189,28,Argentina,6.75,Económico,Técnico,Si,1074.11,Viudo,Familia,Sí,2016-10-23
2190,45,Panamá,6.22,Económico,Primaria,S,538.27,Casado,ONG,No,2019-01-05
2191,42,España,3.65,Educación,Primaria,No,435.4,Divorciado,Familia,No,2020-02-12
2192,56,EE.UU.,1.22,Violencia,Bachiller,Sí,518.92,Casado,Familia,No,2021-05-23
2193,50,Chile,6.75,Político,Bachiller,Sí,454.23,Casado,Gobierno,Sí,2017-10-13
2194,18,Colombia,5.25,Economía,Técnico,No,1581.21,Divorciado,Amigos,No,2015-11-07
2195,44,España,7.75,Económico,Bachiller,Sí,765.24,Viudo,ONG,No,2015-07-27
2196,69,Mejico,5.25,Político,Técnico,Sí,209.9,Soltero,Familia,Sí,2021-10-29
2197,30,Colombia,8.54,Político,Bachiller,Sí,1941.29,,Familia,No,2016-09-24
2198,58,Perú,5.56,Político,Primaria,Si,1779.19,Viudo,ONG,No,2020-10-03
2199,20,Argentina,5.65,Economía,Primaria,No,1862.73,Soltero,Familia,Sí,2016-10-18
2200,56,México,8.78,Familiar,Secundaria,No,1990.32,Viudo,ONG,,2018-11-24
2201,23,Chile,4.09,Educación,Secundaria,Si,430.4,Viudo,Ninguno,Sí,2020-04-15
2202,25,México,1.43,Familiar,Universitario,No,852.86,Casado,Gobierno,No,2019-08-07
2203,44,Panamá,0.38,Educación,Universitario,No,1540.65,Soltero,Gobierno,Sí,2015-08-25
2204,26,Colombia,7.58,Violencia,Universitario,Sí,1422.44,,Familia,No,2015-12-14
2205,54,Panamá,6.24,Económico,Secundaria,Si,392.4,,ONG,No,2016-09-21
2206,50,EE.UU.,7.07,Político,Técnico,No,1650.08,Divorciado,Familia,No,2019-03-21
2207,68,España,2.21,Político,Universitario,No,526.44,Casado,Ninguno,Sí,2020-06-26
2208,59,Panamá,1.45,Violencia,Bachiller,No,525.25,Casado,Gobierno,No,2018-06-25
2209,61,Panamá,0.24,Violencia,Universitario,No,1120.25,Divorciado,Ninguno,No,2015-12-30
2210,41,España,3.57,Economía,Bachiller,No,1226.59,Divorciado,Amigos,No,2021-06-26
2211,32,EE.UU.,5.94,Violencia,Bachiller,Sí,1202.16,Casado,Familia,No,2015-10-13
2212,49,Argentina,3.98,Violencia,Secundaria,No,273.82,Divorciado,Ninguno,No,2015-05-29
2213,49,Panamá,4.43,Economía,Secundaria,Sí,1767.18,,Familia,Sí,2018-01-12
2214,41,México,9.05,Educación,Técnico,Sí,604.64,Divorciado,Amigos,Sí,2021-09-19
2215,58,España,3.55,Violencia,Universitario,Sí,346.08,Soltero,Ninguno,No,2016-03-31
2216,69,Perú,5.19,Familiar,Universitario,Sí,1788.62,,Familia,No,2019-11-02
2217,66,EE.UU.,7.86,Económico,Técnico,S,1915.74,Viudo,Familia,Sí,2017-03-10
2218,66,Colombia,4.03,Político,Universitario,No,1738.04,,Amigos,Sí,2018-03-30
2219,69,Argentina,6.26,Economía,Secundaria,Sí,1638.08,Divorciado,Ninguno,No,2017-10-09
2220,29,Colombia,8.64,Economía,Primaria,Sí,1344.96,,Familia,Sí,2019-03-04
2221,56,España,9.5,Economía,Técnico,No,1146.63,Divorciado,Ninguno,No,2016-04-25
2222,19,España,1.56,Político,Universitario,No,265.27,Divorciado,Ninguno,No,2019-08-14
2223,20,España,9.27,Educación,Secundaria,Sí,876.06,,Ninguno,No,2020-12-01
2224,66,Panamá,4.97,Educación,Bachiller,Sí,808.11,Divorciado,Amigos,No,2019-05-21
2225,54,México,2.66,Violencia,Bachiller,Sí,593.53,,Gobierno,No,2021-08-05
2226,66,España,4.65,Violencia,Bachiller,Si,1474.5,Viudo,Ninguno,No,2015-12-07
2227,34,Panamá,9.8,Familiar,Universitario,Sí,1042.16,Viudo,ONG,No,2020-07-03
2228,66,Panamá,4.98,Económico,Técnico,Sí,253.99,Soltero,ONG,No,2021-11-01
2229,19,Chile,3.35,Economía,Universitario,Sí,518.35,,Familia,No,2020-02-10
2230,19,Argentina,6.37,Violencia,Secundaria,Sí,1398.19,Casado,Ninguno,,2017-04-14
2231,45,Chile,2.48,Familiar,Secundaria,Si,244.65,Divorciado,Amigos,Sí,2018-04-18
2232,40,EE.UU.,0.85,Educación,Bachiller,No,1717.29,Viudo,Gobierno,No,2019-09-22
2233,54,Perú,1.38,Político,Primaria,No,1040.78,Divorciado,ONG,No,2019-08-17
2234,49,Panamá,1.37,Educación,Universitario,S,1013.11,Soltero,ONG,No,2015-11-07
2235,50,Chile,1.6,Económico,Primaria,Sí,1225.57,,Amigos,No,2015-09-19
2236,18,Colombia,1.47,Político,Primaria,No,1666.89,Soltero,Familia,No,2018-12-13
2237,36,Colombia,6.44,Económico,Primaria,No,760.84,Viudo,ONG,No,2016-02-10
2238,19,Argentina,1.9,Familiar,Secundaria,No,1388.23,Casado,Gobierno,No,2020-12-30
2239,61,Colombia,3.52,Economía,Secundaria,Si,1174.89,,Gobierno,No,2015-12-08
2240,43,Argentina,8.98,Político,Primaria,No,607.35,Casado,Gobierno,No,2018-09-01
2241,49,España,4.79,Violencia,Técnico,No,1769.4,Viudo,Amigos,Sí,2015-09-01
2242,23,México,6.71,Economía,Secundaria,Si,1615.11,Soltero,Gobierno,No,2016-05-04
2243,49,México,1.81,Político,Técnico,S,1351.06,Casado,Gobierno,No,2015-01-12
2244,21,EE.UU.,2.0,Económico,Secundaria,No,1716.11,Casado,Ninguno,,2016-07-14
2245,28,Estados Unidos,0.5,Violencia,Bachiller,No,1747.86,Casado,Ninguno,No,2015-02-11
2246,34,EE.UU.,1.77,Educación,Bachiller,No,1445.89,Viudo,Ninguno,,2016-08-16
2247,55,España,2.86,Violencia,Técnico,Sí,1690.33,Divorciado,Amigos,Sí,2018-12-23
2248,41,EE.UU.,1.85,Económico,Universitario,S,1425.2,Viudo,Amigos,,2020-01-01
2249,22,España,0.98,Violencia,Primaria,Sí,1392.27,Divorciado,Familia,Sí,2019-08-21
2250,69,Panamá,1.29,Educación,Técnico,No,1275.36,Soltero,Amigos,No,2015-05-14
2251,51,Argentina,4.66,Economía,Primaria,No,1530.16,Soltero,Amigos,Sí,2017-08-05
2252,23,México,2.14,Político,Universitario,No,401.35,Casado,ONG,No,2015-03-14
2253,39,EE.UU.,3.71,Económico,Universitario,No,1773.65,Soltero,Familia,No,2016-02-03
2254,28,Colombia,5.08,Economía,Secundaria,S,1756.5,Viudo,Ninguno,No,2018-11-29
2255,65,México,6.93,Violencia,Primaria,No,155.57,Viudo,Amigos,Sí,2015-05-10
2256,33,Perú,0.49,Economía,Primaria,No,1669.05,Casado,Gobierno,,2019-12-17
2257,50,EE.UU.,8.01,Familiar,Técnico,No,344.85,Soltero,Familia,,2020-06-24
2258,26,México,6.32,Economía,Primaria,Sí,736.73,Casado,ONG,No,2015-09-23
2259,23,Chile,0.91,Economía,Bachiller,Sí,1512.67,,Gobierno,No,2019-04-10
2260,33,Perú,8.75,Económico,Bachiller,No,405.44,Viudo,Familia,No,2020-06-08
2261,46,México,9.22,Político,Secundaria,Si,1654.14,,Ninguno,Sí,2017-03-03
2262,20,Panamá,0.7,Familiar,Bachiller,No,1681.05,Viudo,Familia,Sí,2021-04-19
2263,37,Chile,2.84,Economía,Secundaria,S,1064.19,Casado,Ninguno,No,2018-08-05
2264,53,México,8.08,Familiar,Universitario,S,112.13,Casado,Familia,No,2015-06-13
2265,36,México,7.51,Político,Bachiller,S,645.37,Divorciado,Familia,No,2015-04-05
2266,43,Argentina,1.93,Economía,Secundaria,Si,1272.16,Casado,Ninguno,No,2019-12-11
2267,20,EE.UU.,2.17,Educación,Universitario,Sí,1964.25,Soltero,Amigos,No,2018-02-07
2268,36,Colombia,3.77,Económico,Universitario,No,1300.45,Viudo,ONG,Sí,2021-07-11
2269,37,Chile,4.9,Economía,Primaria,Sí,593.63,Soltero,Gobierno,Sí,2017-04-01
2270,49,Argentina,6.22,Político,Técnico,Sí,1304.61,Soltero,Amigos,No,2015-08-26
2271,24,Panamá,3.75,Político,Universitario,No,1125.97,Viudo,Gobierno,No,2021-08-25
2272,69,Argentina,4.68,Violencia,Técnico,Sí,1581.71,Soltero,Familia,No,2020-05-14
2273,58,Chile,7.5,Violencia,Secundaria,Sí,303.26,,Ninguno,Sí,2017-11-14
2274,50,Colombia,0.46,Educación,Técnico,No,1545.95,Viudo,Amigos,Sí,2019-08-04
2275,57,México,2.6,Violencia,Universitario,S,1128.41,Casado,Gobierno,No,2017-08-21
2276,56,Chile,7.16,Familiar,Bachiller,No,1929.68,,Gobierno,Sí,2016-06-20
2277,35,España,8.96,Político,Secundaria,No,749.56,Viudo,Amigos,No,2019-05-23
2278,57,Perú,5.17,Educación,Universitario,Sí,1301.98,Casado,Amigos,,2020-06-02
2279,18,Panamá,5.37,Económico,Primaria,Si,1870.85,,Gobierno,No,2015-05-08
2280,28,EE.UU.,1.16,Político,Primaria,Sí,294.77,Casado,ONG,No,2015-04-02
2281,45,Argentina,4.53,Educación,Bachiller,Si,1880.73,Divorciado,Amigos,Sí,2016-06-26
2282,42,Chile,5.37,Político,Bachiller,No,1406.98,Casado,Amigos,Sí,2017-04-25
2283,67,EE.UU.,2.5,Violencia,Técnico,No,228.89,Soltero,Familia,No,2019-08-09
2284,40,Panamá,2.77,Economía,Técnico,Sí,671.83,Soltero,Gobierno,No,2020-01-26
2285,48,México,3.84,Educación,Primaria,Sí,1445.53,Divorciado,Amigos,No,2021-10-30
2286,47,Panamá,0.3,Económico,Primaria,No,227.97,Viudo,ONG,Sí,2016-01-25
2287,59,Colombia,3.29,Educación,Secundaria,Sí,1206.12,Casado,Amigos,Sí,2020-02-28
2288,52,EE.UU.,2.19,Familiar,Primaria,S,757.18,Casado,Ninguno,,2015-02-12
2289,24,Perú,3.34,Educación,Secundaria,Si,1279.74,Divorciado,Amigos,No,2015-09-11
2290,33,EE.UU.,1.29,Económico,Primaria,Sí,186.91,,Gobierno,No,2017-12-19
2291,43,México,8.92,Economía,Primaria,No,1755.92,Soltero,Gobierno,No,2021-05-23
2292,65,Colombia,5.98,Familiar,Bachiller,No,1949.63,Soltero,ONG,No,2019-03-21
2293,69,España,6.82,Educación,Secundaria,Sí,1940.87,Soltero,Familia,No,2020-05-07
2294,66,Colombia,7.91,Político,Bachiller,Sí,1524.34,,Gobierno,Sí,2021-07-20
2295,19,Perú,5.03,Economía,Bachiller,Sí,347.16,,ONG,Sí,2016-10-03
2296,18,Panamá,0.96,Educación,Universitario,No,1540.7,,Amigos,,2021-08-26
2297,65,Panamá,5.42,Educación,Bachiller,No,146.72,Soltero,Familia,No,2016-11-20
2298,29,España,5.91,Familiar,Secundaria,Sí,142.03,,ONG,No,2018-06-30
2299,22,Argentina,7.48,Economía,Universitario,Sí,714.86,Casado,Ninguno,No,2020-05-04
2300,54,Colombia,4.37,Familiar,Técnico,Si,1028.42,Viudo,Gobierno,Sí,2017-12-15
2301,49,México,1.36,Político,Primaria,No,1563.77,Viudo,Amigos,Sí,2019-01-26
2302,26,Argentina,2.91,Político,Bachiller,Sí,1398.26,Divorciado,Amigos,No,2016-04-01
2303,58,Perú,3.69,Familiar,Bachiller,S,947.22,,Familia,No,2017-09-09
2304,52,Perú,6.49,Económico,Universitario,Sí,619.89,Divorciado,Amigos,No,2020-10-31
2305,36,España,5.75,Educación,Técnico,S,1994.54,Viudo,Amigos,Sí,2018-01-27
2306,65,Chile,3.63,Educación,Universitario,S,909.74,Viudo,ONG,No,2015-05-29
2307,33,Chile,9.87,Económico,Bachiller,No,957.64,,Gobierno,No,2018-09-14
2308,20,México,6.1,Economía,Primaria,No,410.89,Soltero,Familia,Sí,2018-03-25
2309,37,Panamá,2.45,Familiar,Bachiller,S,1610.14,Casado,Gobierno,No,2015-07-09
2310,41,EE.UU.,1.11,Político,Bachiller,Sí,1418.0,Soltero,Familia,No,2017-06-01
2311,50,Argentina,1.61,Económico,Técnico,Sí,519.46,Soltero,Gobierno,,2021-04-29
2312,41,Perú,2.53,Violencia,Técnico,Sí,256.52,Viudo,ONG,No,2016-02-04
2313,69,Colombia,1.69,Político,Técnico,No,1392.95,Viudo,ONG,No,2016-08-31
2314,28,Estados Unidos,1.95,Político,Secundaria,S,1343.57,Viudo,Familia,Sí,2019-12-01
2315,66,Panamá,2.92,Familiar,Universitario,Sí,619.19,Soltero,Amigos,No,2019-06-27
2316,25,Argentina,1.82,Violencia,Universitario,Sí,1906.64,Casado,Gobierno,No,2019-04-25
2317,53,México,8.98,Político,Secundaria,Sí,387.01,Soltero,Amigos,No,2020-11-18
2318,55,España,0.89,Económico,Universitario,No,921.44,Casado,Familia,No,2018-10-14
2319,57,Colombia,5.29,Económico,Técnico,S,1892.87,Divorciado,Amigos,,2018-11-04
2320,37,Colombia,4.16,Economía,Técnico,Sí,897.48,Soltero,Amigos,No,2017-03-30
2321,52,EE.UU.,9.83,Económico,Secundaria,Si,1313.2,,ONG,No,2017-03-30
2322,65,Colombia,1.21,Político,Bachiller,No,855.43,Casado,Familia,No,2016-02-24
2323,42,Argentina,4.04,Familiar,Universitario,Sí,621.01,Divorciado,Amigos,No,2015-05-04
2324,52,Chile,9.7,Familiar,Secundaria,Sí,1969.56,Divorciado,Familia,Sí,2016-02-26
2325,42,España,8.67,Económico,Bachiller,No,877.73,Divorciado,Ninguno,Sí,2019-02-17
2326,46,Colombia,8.19,Violencia,Secundaria,Sí,1798.79,Divorciado,Amigos,Sí,2019-05-17
2327,35,México,2.65,Familiar,Primaria,No,536.91,Divorciado,Ninguno,No,2017-02-06
2328,63,Panamá,1.79,Económico,Universitario,No,504.9,Divorciado,Familia,No,2020-08-06
2329,35,Perú,6.72,Familiar,Bachiller,S,159.15,Casado,Amigos,No,2021-01-11
2330,19,Perú,9.3,Economía,Técnico,No,1338.17,Viudo,Gobierno,No,2020-11-09
2331,52,Panamá,5.61,Económico,Secundaria,No,800.2,Divorciado,Amigos,No,2019-03-30
2332,33,España,5.76,Político,Primaria,Sí,1742.28,Viudo,Familia,No,2019-10-31
2333,58,Colombia,2.87,Familiar,Bachiller,S,999.1,Viudo,ONG,No,2020-08-06
2334,53,Chile,7.72,Familiar,Secundaria,No,1939.57,Divorciado,Gobierno,No,2016-05-24
2335,50,Chile,1.95,Familiar,Secundaria,Si,452.5,,Ninguno,No,2018-04-21
2336,21,EE.UU.,3.3,Económico,Universitario,S,1750.38,,Amigos,Sí,2016-01-21
2337,50,Mejico,4.31,Económico,Técnico,No,1575.53,Soltero,Amigos,Sí,2019-05-17
2338,31,México,5.13,Económico,Técnico,Sí,1564.75,,Ninguno,No,2021-09-18
2339,38,México,2.5,Educación,Universitario,No,1705.09,Divorciado,ONG,Sí,2021-04-12
2340,65,Chile,1.24,Político,Secundaria,Sí,1545.95,Divorciado,Ninguno,No,2017-01-11
2341,37,Perú,6.15,Educación,Universitario,No,1289.82,,Ninguno,No,2020-03-26
2342,25,Colombia,2.96,Económico,Secundaria,Si,349.37,Soltero,Gobierno,No,2018-12-17
2343,24,Colombia,5.85,Educación,Universitario,Si,161.8,Divorciado,Familia,Sí,2017-06-19
2344,20,México,1.63,Económico,Primaria,No,1849.61,Soltero,ONG,No,2020-10-13
2345,34,Colombia,4.86,Familiar,Primaria,No,1271.64,Divorciado,Gobierno,Sí,2021-03-10
2346,50,Chile,5.37,Violencia,Primaria,No,1613.42,,Gobierno,,2020-07-02
2347,65,EE.UU.,0.61,Político,Primaria,No,1014.89,Viudo,Amigos,No,2015-08-30
2348,29,Colombia,3.43,Familiar,Primaria,Sí,322.89,Soltero,Ninguno,Sí,2021-07-13
2349,68,Mejico,1.43,Economía,Secundaria,Sí,337.85,Casado,Amigos,No,2020-07-13
2350,39,Perú,0.73,Educación,Técnico,Sí,1402.57,Soltero,Amigos,Sí,2015-06-22
2351,39,Perú,9.9,Político,Bachiller,No,917.58,Divorciado,Familia,,2016-11-02
2352,63,Perú,3.29,Económico,Técnico,Sí,481.0,,Ninguno,Sí,2015-06-13
2353,47,España,8.12,Educación,Universitario,No,1034.03,Viudo,Ninguno,No,2016-04-09
2354,55,México,2.62,Político,Primaria,Sí,222.0,Soltero,ONG,,2016-05-11
2355,55,Chile,6.85,Violencia,Bachiller,No,1205.75,Divorciado,Ninguno,Sí,2016-11-30
2356,62,España,7.63,Económico,Universitario,Sí,611.09,Soltero,ONG,Sí,2021-09-08
2357,68,México,6.0,Político,Bachiller,No,1615.36,Viudo,Ninguno,Sí,2016-12-03
2358,25,Chile,4.77,Educación,Bachiller,S,689.69,Casado,ONG,,2020-04-24
2359,44,Chile,4.18,Familiar,Secundaria,No,964.92,Viudo,ONG,Sí,2021-06-13
2360,44,Perú,3.55,Económico,Universitario,No,122.08,Casado,Amigos,,2019-11-27
2361,51,Panamá,9.3,Educación,Primaria,No,237.65,Viudo,Amigos,No,2015-07-02
2362,38,Colombia,8.32,Violencia,Universitario,Sí,845.74,Divorciado,Amigos,No,2016-09-20
2363,47,Argentina,9.65,Violencia,Universitario,No,1011.88,Soltero,Familia,No,2019-09-28
2364,50,Argentina,1.33,Economía,Universitario,No,1240.04,Viudo,Amigos,No,2016-06-29
2365,45,Panamá,7.34,Economía,Bachiller,S,654.16,Divorciado,Gobierno,No,2019-05-07
2366,64,España,9.39,Economía,Técnico,Sí,1420.47,Soltero,Gobierno,No,2016-09-15
2367,50,Perú,1.89,Familiar,Secundaria,S,1734.23,Divorciado,ONG,No,2016-08-16
2368,22,EE.UU.,0.76,Político,Secundaria,Sí,1581.72,,Amigos,Sí,2017-01-13
2369,65,Argentina,7.44,Económico,Primaria,Sí,175.28,Viudo,Familia,Sí,2019-11-04
2370,36,España,5.79,Político,Secundaria,No,1012.96,Viudo,Gobierno,No,2018-12-30
2371,21,Colombia,8.43,Familiar,Bachiller,No,299.37,Soltero,Gobierno,No,2020-05-02
2372,52,México,1.48,Violencia,Primaria,Sí,559.89,Casado,Familia,No,2020-08-30
2373,66,Mejico,7.97,Violencia,Técnico,S,1974.66,Soltero,Gobierno,Sí,2021-09-10
2374,34,Colombia,2.1,Político,Secundaria,No,370.74,Viudo,Ninguno,No,2015-04-15
2375,61,México,1.72,Economía,Bachiller,No,1047.89,Divorciado,Gobierno,No,2021-02-17
2376,45,Perú,1.73,Economía,Secundaria,No,1274.5,Viudo,Gobierno,No,2015-01-17
2377,47,EE.UU.,8.16,Educación,Universitario,Sí,1434.68,Divorciado,Familia,No,2016-01-28
2378,46,España,6.69,Violencia,Secundaria,S,1163.33,Soltero,Familia,Sí,2016-02-29
2379,63,Panamá,5.28,Economía,Primaria,Sí,118.56,Divorciado,Gobierno,Sí,2020-12-16
2380,23,Panamá,3.65,Político,Universitario,No,720.28,Soltero,Gobierno,Sí,2016-07-25
2381,52,Panamá,8.78,Familiar,Secundaria,Sí,1083.65,Divorciado,Gobierno,,2020-09-07
2382,58,EE.UU.,3.99,Violencia,Universitario,No,266.95,Divorciado,Ninguno,Sí,2018-01-25
2383,54,México,8.18,Educación,Bachiller,Sí,766.19,Divorciado,ONG,No,2015-08-30
2384,41,España,4.45,Familiar,Primaria,S,163.09,Soltero,Amigos,No,2021-03-29
2385,46,EE.UU.,3.83,Economía,Técnico,S,249.3,Soltero,Gobierno,No,2017-02-27
2386,66,México,4.68,Familiar,Secundaria,Sí,854.15,Soltero,ONG,No,2016-12-15
2387,63,México,3.08,Violencia,Primaria,Sí,352.16,Divorciado,Amigos,No,2017-01-28
2388,48,Chile,7.5,Economía,Bachiller,No,1178.33,Viudo,Amigos,No,2017-02-14
2389,52,EE.UU.,5.08,Político,Secundaria,No,1409.98,Divorciado,Familia,No,2021-02-25
2390,50,Perú,2.4,Familiar,Bachiller,Sí,1621.11,Viudo,Ninguno,No,2015-03-20
2391,69,Chile,9.01,Político,Técnico,Sí,480.29,Viudo,Ninguno,No,2017-05-05
2392,38,Colombia,3.9,Económico,Primaria,No,418.22,,Familia,No,2018-12-10
2393,49,EE.UU.,5.48,Económico,Primaria,Sí,298.68,Viudo,ONG,Sí,2021-11-01
2394,40,Argentina,9.07,Educación,Técnico,Sí,1309.22,Soltero,Gobierno,No,2020-11-04
2395,50,México,6.28,Familiar,Técnico,Si,1442.3,Soltero,Amigos,Sí,2020-11-18
2396,20,Perú,1.26,Economía,Primaria,Si,160.01,Casado,Amigos,No,2017-10-28
2397,35,Perú,9.4,Familiar,Primaria,Sí,1878.8,Casado,Amigos,No,2017-04-24
2398,42,Argentina,6.31,Político,Universitario,No,198.75,Casado,ONG,,2015-03-28
2399,59,Colombia,3.42,Violencia,Primaria,Sí,1128.46,Divorciado,Ninguno,No,2020-09-21
2400,48,Argentina,1.48,Económico,Técnico,Sí,1447.21,Viudo,Ninguno,Sí,2016-02-12
2401,20,Argentina,7.96,Violencia,Primaria,No,1754.84,Divorciado,Familia,Sí,2019-07-27
2402,57,Colombia,6.24,Educación,Técnico,Sí,1456.77,Viudo,Amigos,,2015-05-28
2403,63,Panamá,5.38,Educación,Técnico,Si,1623.28,,Gobierno,Sí,2021-05-13
2404,41,México,8.95,Político,Técnico,S,744.96,Soltero,Amigos,No,2015-08-20
2405,67,Chile,7.91,Político,Técnico,Sí,1648.17,Soltero,ONG,No,2020-05-04
2406,49,Argentina,1.6,Familiar,Técnico,S,252.22,Soltero,Gobierno,No,2016-01-01
2407,64,Perú,3.19,Económico,Técnico,No,1800.15,Soltero,Ninguno,No,2019-08-02
2408,39,Colombia,2.56,Económico,Universitario,No,1140.43,Divorciado,Ninguno,No,2016-03-11
2409,40,España,7.47,Familiar,Bachiller,Sí,1652.87,Casado,Familia,Sí,2016-02-03
2410,19,Chile,0.43,Violencia,Universitario,No,959.4,Casado,ONG,Sí,2018-05-19
2411,44,Chile,5.74,Político,Técnico,No,1322.8,Viudo,Amigos,Sí,2018-11-15
2412,59,Colombia,7.65,Violencia,Técnico,No,1100.17,Divorciado,Familia,No,2016-07-16
2413,19,Argentina,8.78,Económico,Secundaria,No,1490.02,,Familia,Sí,2021-10-25
2414,43,México,3.49,Político,Bachiller,No,255.1,Soltero,Ninguno,,2018-07-08
2415,34,Argentina,8.23,Violencia,Universitario,No,214.67,Casado,ONG,No,2017-02-11
2416,57,Perú,1.2,Económico,Primaria,No,569.5,Soltero,ONG,Sí,2021-07-25
2417,50,EE.UU.,8.48,Violencia,Primaria,S,403.13,,Amigos,No,2020-07-30
2418,26,Perú,1.36,Político,Universitario,S,1756.39,Soltero,Ninguno,,2018-09-05
2419,60,Chile,4.03,Educación,Secundaria,No,516.51,Casado,Amigos,Sí,2020-12-25
2420,65,Perú,7.99,Educación,Bachiller,No,1954.14,Viudo,Familia,No,2019-04-23
2421,56,México,1.58,Económico,Secundaria,Si,740.1,Viudo,Amigos,Sí,2017-09-18
2422,46,EE.UU.,2.37,Familiar,Bachiller,Sí,446.02,Casado,ONG,No,2021-08-12
2423,59,Perú,7.25,Violencia,Técnico,No,1600.43,Divorciado,Amigos,No,2018-05-31
2424,43,Panamá,7.23,Economía,Primaria,No,1351.54,Soltero,Amigos,No,2015-12-26
2425,52,EE.UU.,6.45,Económico,Universitario,No,1046.57,Soltero,Amigos,No,2017-07-09
2426,67,Argentina,6.97,Violencia,Técnico,Sí,1155.19,Casado,Amigos,,2021-07-04
2427,42,EE.UU.,5.47,Familiar,Secundaria,No,1466.48,Divorciado,ONG,Sí,2017-08-20
2428,41,Chile,2.59,Economía,Secundaria,Sí,534.06,Casado,Amigos,No,2020-01-02
2429,30,Argentina,3.52,Economía,Bachiller,No,1993.03,Divorciado,Gobierno,No,2019-06-02
2430,24,Chile,1.9,Político,Bachiller,Sí,1952.11,Soltero,Familia,No,2019-06-29
2431,53,Chile,9.09,Economía,Técnico,No,1335.62,,Gobierno,No,2021-01-25
2432,62,Colombia,5.88,Familiar,Bachiller,Sí,479.13,Divorciado,Gobierno,No,2015-08-05
2433,37,Colombia,4.07,Violencia,Técnico,Sí,1392.43,Soltero,Gobierno,Sí,2016-01-13
2434,18,España,4.67,Violencia,Universitario,Si,237.18,Casado,ONG,No,2015-04-29
2435,25,Colombia,9.48,Educación,Universitario,Sí,158.24,Divorciado,Gobierno,,2015-07-09
2436,63,Argentina,1.62,Economía,Secundaria,Sí,589.6,Casado,Familia,No,2016-01-05
2437,33,México,5.9,Familiar,Secundaria,Sí,978.98,Casado,Ninguno,Sí,2019-12-07
2438,31,EE.UU.,5.11,Violencia,Secundaria,Si,1749.72,Viudo,Gobierno,No,2021-01-05
2439,29,EE.UU.,6.15,Económico,Técnico,No,1481.62,Casado,ONG,Sí,2016-10-13
2440,68,Colombia,0.28,Político,Bachiller,Sí,1511.14,Casado,ONG,No,2020-02-26
2441,40,Panamá,8.73,Educación,Primaria,S,908.44,,Gobierno,Sí,2019-02-20
2442,32,Chile,9.33,Violencia,Secundaria,S,757.28,Viudo,ONG,,2017-02-08
2443,45,España,5.69,Economía,Bachiller,Sí,804.97,Viudo,Familia,No,2021-08-18
2444,51,Chile,7.0,Educación,Primaria,No,1976.53,,Familia,No,2017-02-19
2445,19,México,9.23,Economía,Secundaria,No,176.21,Viudo,Ninguno,Sí,2019-09-13
2446,49,Argentina,7.1,Educación,Primaria,No,1747.36,,Gobierno,Sí,2021-01-16
2447,40,Chile,1.61,Educación,Universitario,No,1199.48,Casado,Ninguno,No,2021-07-26
2448,39,Chile,5.81,Educación,Bachiller,No,933.37,Divorciado,ONG,No,2018-08-04
2449,68,Perú,6.11,Político,Técnico,Si,1477.99,Casado,ONG,Sí,2018-06-03
2450,42,Chile,4.3,Economía,Secundaria,Sí,1024.67,Casado,Familia,No,2016-06-06
2451,39,México,7.39,Económico,Secundaria,No,1759.5,,Familia,No,2016-06-05
2452,39,México,9.35,Economía,Técnico,No,1811.33,Divorciado,Familia,Sí,2017-02-21
2453,66,Perú,9.26,Violencia,Bachiller,Sí,901.27,Soltero,ONG,Sí,2021-05-09
2454,69,Argentina,4.56,Político,Universitario,No,625.97,Soltero,Ninguno,No,2017-07-24
2455,59,España,1.22,Familiar,Bachiller,Si,1225.47,Divorciado,ONG,No,2021-02-08
2456,23,Panamá,9.85,Educación,Primaria,No,1833.49,Viudo,Ninguno,No,2019-08-16
2457,32,Panamá,8.41,Económico,Secundaria,Sí,500.26,Divorciado,Gobierno,No,2016-05-02
2458,60,Argentina,1.33,Economía,Técnico,S,1283.64,Soltero,Amigos,No,2020-01-25
2459,54,Chile,9.22,Económico,Bachiller,No,1299.96,Casado,Gobierno,Sí,2017-04-25
2460,50,México,8.71,Económico,Secundaria,Sí,1492.91,Soltero,Amigos,No,2020-12-11
2461,25,México,5.24,Económico,Primaria,S,349.98,,Ninguno,No,2021-09-27
2462,61,Chile,5.95,Violencia,Secundaria,No,1460.07,Soltero,ONG,No,2020-06-26
2463,61,Perú,4.05,Economía,Primaria,No,1827.16,Viudo,Ninguno,,2019-10-15
2464,22,Perú,0.64,Político,Primaria,Sí,441.4,Casado,Familia,No,2016-11-16
2465,56,Panamá,3.42,Familiar,Bachiller,Si,551.33,Viudo,ONG,Sí,2020-11-30
2466,21,Panamá,8.05,Violencia,Bachiller,Si,1945.65,Soltero,Gobierno,No,2020-12-09
2467,23,España,0.15,Economía,Bachiller,No,443.86,Soltero,Amigos,,2019-04-17
2468,62,España,3.4,Educación,Primaria,Sí,1723.33,Viudo,Ninguno,Sí,2018-05-30
2469,49,Perú,4.04,Violencia,Bachiller,Sí,1035.33,Viudo,Gobierno,Sí,2015-02-08
2470,69,España,5.42,Familiar,Universitario,Sí,569.74,,ONG,No,2017-02-18
2471,47,Colombia,9.21,Político,Técnico,Sí,1754.42,Soltero,Ninguno,No,2018-06-10
2472,64,Colombia,3.53,Político,Técnico,Si,946.08,Viudo,Ninguno,No,2021-01-05
2473,52,Chile,3.53,Político,Técnico,Si,1078.15,Divorciado,ONG,No,2020-04-11
2474,57,Colombia,7.4,Educación,Secundaria,S,782.54,Viudo,ONG,Sí,2015-10-29
2475,69,España,4.58,Educación,Bachiller,Sí,1226.61,Divorciado,Gobierno,No,2021-04-04
2476,33,Colombia,2.32,Economía,Técnico,Sí,410.7,Casado,Ninguno,Sí,2016-10-08
2477,30,España,4.58,Educación,Técnico,Sí,843.05,Casado,Familia,No,2016-10-24
2478,67,Chile,1.49,Político,Universitario,Sí,1941.88,Soltero,Amigos,Sí,2021-04-02
2479,59,Chile,1.85,Familiar,Universitario,Sí,590.45,Divorciado,ONG,No,2019-10-26
2480,47,EE.UU.,5.03,Economía,Primaria,No,1347.8,Divorciado,ONG,No,2021-02-28
2481,36,Chile,4.25,Político,Secundaria,No,717.86,,Ninguno,No,2015-09-13
2482,34,Perú,9.16,Economía,Universitario,Sí,1569.6,,ONG,No,2016-08-20
2483,36,Chile,3.69,Familiar,Secundaria,Sí,348.66,Soltero,Familia,Sí,2016-10-23
2484,45,EE.UU.,5.85,Político,Primaria,Si,1942.66,Divorciado,Ninguno,No,2015-08-23
2485,43,Panamá,6.36,Político,Secundaria,Si,962.2,Soltero,ONG,No,2018-09-30
2486,54,Perú,0.23,Político,Secundaria,Si,548.5,Casado,Gobierno,No,2017-02-08
2487,43,México,6.67,Educación,Universitario,Si,239.64,Soltero,Ninguno,Sí,2015-08-01
2488,40,Panamá,1.86,Economía,Secundaria,Sí,422.54,Casado,ONG,Sí,2016-04-07
2489,26,España,9.61,Economía,Universitario,Si,1087.57,,Amigos,Sí,2021-10-19
2490,29,Panamá,1.57,Familiar,Bachiller,S,740.31,Divorciado,Familia,Sí,2015-10-10
2491,18,EE.UU.,4.2,Educación,Secundaria,No,1674.88,Casado,Gobierno,No,2019-01-26
2492,18,México,0.94,Económico,Primaria,No,918.69,,Amigos,No,2018-12-01
2493,64,EE.UU.,9.97,Violencia,Técnico,No,572.56,Soltero,Familia,,2015-03-29
2494,51,Chile,5.07,Violencia,Bachiller,Sí,1272.58,Soltero,Gobierno,No,2017-12-03
2495,49,Perú,5.99,Familiar,Secundaria,No,1442.88,Soltero,ONG,No,2016-04-05
2496,65,EE.UU.,0.76,Educación,Secundaria,Sí,417.38,,Gobierno,No,2021-05-14
2497,42,Panamá,7.52,Economía,Técnico,Sí,418.48,,Familia,No,2021-10-04
2498,57,México,2.18,Violencia,Primaria,No,169.68,Casado,Gobierno,Sí,2019-09-21
2499,62,Estados Unidos,8.99,Familiar,Bachiller,No,1499.16,Soltero,Amigos,No,2018-10-08
2500,18,Argentina,2.13,Violencia,Secundaria,Sí,1361.23,,Gobierno,No,2016-05-29
2501,33,Panamá,1.99,Educación,Bachiller,Sí,1001.8,Divorciado,Gobierno,Sí,2016-12-03
2502,56,México,0.46,Político,Técnico,No,1703.92,Soltero,Gobierno,No,2019-07-12
2503,22,Perú,4.77,Económico,Bachiller,Si,1630.77,Divorciado,Amigos,Sí,2020-08-28
2504,39,Chile,5.69,Familiar,Primaria,No,1212.17,Casado,Amigos,No,2015-01-23
2505,46,Mejico,0.75,Familiar,Universitario,No,1749.72,Viudo,Ninguno,,2021-09-26
2506,20,Colombia,7.78,Educación,Bachiller,Sí,491.1,Viudo,Gobierno,Sí,2017-11-19
2507,29,Chile,4.59,Violencia,Primaria,No,312.65,,Amigos,Sí,2020-01-05
2508,43,Panamá,5.29,Educación,Bachiller,No,612.52,Casado,Gobierno,Sí,2020-11-25
2509,33,Colombia,4.46,Político,Secundaria,Si,208.47,,Gobierno,No,2018-07-28
2510,68,Colombia,4.07,Violencia,Secundaria,No,1109.22,Viudo,Amigos,No,2018-02-08
2511,54,EE.UU.,5.64,Economía,Técnico,No,1879.55,Divorciado,Gobierno,No,2020-12-23
2512,39,EE.UU.,1.64,Economía,Primaria,No,174.75,Divorciado,Amigos,No,2015-12-28
2513,46,Panamá,1.9,Familiar,Primaria,Sí,332.01,Casado,Ninguno,Sí,2020-12-16
2514,31,España,8.63,Economía,Bachiller,Sí,959.18,Casado,Amigos,Sí,2020-03-14
2515,45,Argentina,9.47,Violencia,Universitario,No,1874.36,,Amigos,No,2018-07-08
2516,22,Perú,3.8,Violencia,Secundaria,S,700.7,Divorciado,Amigos,Sí,2016-05-29
2517,64,Panamá,2.78,Economía,Primaria,Sí,1063.75,Viudo,Familia,Sí,2016-03-24
2518,66,Perú,6.48,Violencia,Primaria,Si,178.99,,Ninguno,No,2020-04-07
2519,47,España,4.15,Economía,Bachiller,Si,381.85,Soltero,Familia,Sí,2019-02-15
2520,63,Panamá,0.35,Violencia,Técnico,Sí,1974.6,Divorciado,Ninguno,Sí,2018-06-01
2521,69,Perú,1.65,Violencia,Secundaria,No,1933.73,Soltero,Gobierno,Sí,2020-01-30
2522,22,Perú,7.19,Económico,Secundaria,No,109.39,,Ninguno,No,2017-05-23
2523,29,España,6.62,Familiar,Secundaria,No,1908.44,Viudo,ONG,,2018-11-29
2524,33,Panamá,0.37,Economía,Universitario,Si,1314.33,Casado,Amigos,No,2021-06-07
2525,43,Perú,2.3,Educación,Primaria,S,1749.04,,Familia,No,2021-03-28
2526,43,Panamá,2.39,Violencia,Secundaria,No,964.01,Soltero,Ninguno,No,2019-10-21
2527,65,Colombia,6.75,Economía,Primaria,S,1079.63,Viudo,Ninguno,No,2017-07-11
2528,38,Panamá,0.3,Político,Universitario,No,1028.81,Casado,Amigos,Sí,2020-11-29
2529,56,Colombia,1.13,Educación,Primaria,No,1367.04,,Familia,No,2017-11-02
2530,53,Panamá,8.02,Familiar,Secundaria,No,365.34,Divorciado,Amigos,,2018-11-17
2531,50,Chile,1.87,Violencia,Secundaria,No,156.95,Viudo,Amigos,Sí,2021-03-31
2532,47,Argentina,6.56,Político,Bachiller,No,685.07,Soltero,Ninguno,No,2015-11-10
2533,54,Perú,2.46,Economía,Secundaria,S,1438.89,Casado,Familia,No,2021-03-06
2534,40,EE.UU.,1.08,Económico,Primaria,No,483.52,Divorciado,Ninguno,Sí,2020-06-20
2535,27,Chile,2.51,Economía,Técnico,Sí,1379.52,,Gobierno,,2017-11-03
2536,22,España,7.25,Economía,Secundaria,S,1942.83,,Gobierno,Sí,2019-07-15
2537,53,EE.UU.,8.57,Político,Bachiller,No,278.41,Viudo,ONG,No,2019-11-14
2538,51,Colombia,8.32,Educación,Técnico,Sí,1377.94,,Gobierno,No,2017-10-11
2539,69,Argentina,4.03,Violencia,Bachiller,Sí,943.13,Viudo,ONG,No,2017-12-29
2540,48,EE.UU.,6.71,Economía,Universitario,No,1749.47,Soltero,Familia,Sí,2018-01-29
2541,27,Colombia,2.13,Economía,Técnico,Sí,436.58,Soltero,Ninguno,No,2016-11-28
2542,36,Argentina,3.0,Económico,Universitario,No,1415.99,Divorciado,ONG,Sí,2020-12-19
2543,49,Colombia,8.97,Político,Técnico,S,1692.42,,Familia,Sí,2018-11-05
2544,18,España,0.23,Político,Universitario,Sí,1894.77,Casado,Amigos,Sí,2018-03-01
2545,22,Panamá,0.95,Economía,Secundaria,Sí,1398.17,Soltero,Ninguno,No,2017-11-09
2546,62,Perú,2.16,Economía,Técnico,Sí,1044.63,Soltero,Ninguno,No,2020-04-13
2547,21,EE.UU.,0.36,Violencia,Secundaria,Si,1273.91,Soltero,Ninguno,,2017-10-10
2548,33,España,1.9,Violencia,Bachiller,S,1750.92,Casado,Gobierno,Sí,2015-08-15
2549,41,México,5.87,Político,Primaria,Sí,1184.16,Casado,Amigos,No,2020-01-03
2550,33,Panamá,4.27,Familiar,Universitario,S,157.74,,Familia,No,2019-02-01
2333,58,Colombia,2.87,Familiar,Bachiller,S,999.1,Viudo,ONG,No,2020-08-06
2353,47,España,8.12,Educación,Universitario,No,1034.03,Viudo,Ninguno,No,2016-04-09
2478,67,Chile,1.49,Político,Universitario,Sí,1941.88,Soltero,Amigos,Sí,2021-04-02
2266,43,Argentina,1.93,Economía,Secundaria,Si,1272.16,Casado,Ninguno,No,2019-12-11
2096,42,España,7.79,Economía,Secundaria,Sí,451.75,Viudo,Ninguno,No,2021-06-17
2251,51,Argentina,4.66,Economía,Primaria,No,1530.16,Soltero,Amigos,Sí,2017-08-05
2093,64,España,7.56,Político,Primaria,No,359.96,,Ninguno,No,2018-07-10
2237,36,Colombia,6.44,Económico,Primaria,No,760.84,Viudo,ONG,No,2016-02-10
2307,33,Chile,9.87,Económico,Bachiller,No,957.64,,Gobierno,No,2018-09-14
2395,50,México,6.28,Familiar,Técnico,Si,1442.3,Soltero,Amigos,Sí,2020-11-18
