ID_Evento,Año_Evento,Ciudad,Asistentes,Estilo_Danza,Nivel_Artista,¿Pago?,Precio_Entrada (USD),Tipo_Evento,Patrocinador,¿Streaming?,Duración_Evento (hrs),Valoración_Público,Fecha_Evento
3001,2021,Lima,251.6,Salsa,Intermedio,Si,83.71,Competencia,Adidas,No,10.0,3,2017-05-13
3002,2018,Caracas,50.8,Contemporáneo,Principiante,No,43.72,Competencia,Gobierno,No,5.7,3,2016-08-04
3003,2025,Madrid,54.9,Ballet,Intermedio,Gratis,91.55,Competencia,Gobierno,No,10.9,1,2023-05-29
3004,2022,Caracas,305.2,Urbano,Élite,Sí,72.15,Festival,Local,Sí,1.8,5,2016-11-25
3005,2019,Bogotá,281.3,Contemporáneo,Principiante,No,61.04,Festival,Local,Sí,11.5,4,2018-06-05
3006,2021,Bogotá,114.2,Ballet,Intermedio,Sí,94.93,Competencia,Ninguno,No,8.2,2,2023-09-09
3007,2024,Bogotá,473.6,Ballet,Intermedio,No,39.66,Gala,Ninguno,No,5.2,4,2019-05-30
3008,2017,Caracas,392.8,Contemporáneo,Principiante,No,95.41,Festival,Gobierno,No,3.2,4,2024-07-20
3009,2021,Bogotá,65.6,Hip Hop,Élite,No,13.5,Festival,Adidas,No,6.3,5,2018-05-24
3010,2025,Ciudad de México,466.2,Ballet,Avanzado,No,48.38,Gala,Local,No,3.1,4,2021-09-20
3011,2025,Buenos Aires,487.4,Hip-Hop,Semiprofesional,Gratis,26.99,,Ninguno,Sí,2.8,4,2016-02-03
3012,2022,Madrid,498.0,Hip-Hop,Principiante,No,53.98,Gala,Ninguno,Sí,7.8,3,2020-04-30
3013,2019,Caracas,37.4,Hip-Hop,Avanzado,Gratis,16.2,Exhibición,Adidas,No,6.8,5,2016-12-15
3014,2018,Buenos Aires,371.1,Hip-Hop,Intermedio,Si,84.15,Festival,Nike,,8.4,1,2016-12-04
3015,2022,caracas,277.5,Hip-Hop,Élite,Si,84.64,Taller,Gobierno,Sí,11.2,2,2022-09-09
3016,2022,MADRID,355.9,Hip-Hop,Élite,No,95.52,,Nike,Sí,6.9,4,2021-12-21
3017,2017,buenos aires,484.6,salsa,Principiante,Sí,15.47,Taller,Nike,Sí,7.4,2,2024-09-06
3018,2020,Cdad de México,347.1,BALLET,Semiprofesional,Gratis,62.33,Gala,Gobierno,Sí,2.0,1,2019-09-11
3019,2019,Bogotá,420.1,urbano,principiante,No,47.42,Festival,Local,No,8.9,2,2020-05-26
3020,2016,Madrid,434.8,Contempráneo,AVANZADO,Sí,34.44,Gala,Nike,No,5.4,1,2023-04-10
3021,2022,Caracas,420.9,Salsa,Semiprofesional,Si,-10.0,Festival,Gobierno,Sí,11.7,3,2015-03-23
3022,2020,Buenos Aires,218.8,Salsa,Intermedio,Sí,500.0,competencia,Nike,Sí,10.1,4,2016-08-26
3023,2016,Ciudad de México,119.1,Salsa,Avanzado,No,999.0,TALLER,Nike,No,6.7,1,2020-05-24
3024,2019,Buenos Aires,204.4,Ballet,Élite,No,800.0,Festval,Adidas,Sí,2.4,2,2019-09-07
3025,2015,Buenos Aires,447.0,Salsa,Intermedio,Sí,-5.0,Competencia,nike,,10.5,4,2020-08-08
3026,2024,Buenos Aires,81.8,Hip Hop,Avanzado,Sí,120.0,,ADIDAS,No,9.8,3,2022-09-20
3027,2020,Madrid,261.5,Contemporáneo,Élite,Sí,7.78,Gala,Adiddas,No,3.0,4,2017-06-21
3028,2023,Caracas,124.3,Hip Hop,Intermedio,si,0.23,Exhibición,Ninguno,Sí,4.2,1,2015-12-31
3029,2015,Ciudad de México,294.8,Flamenco,Intermedio,NO,96.77,Gala,Ninguno,Sí,9.7,3,2015-06-12
3030,2025,Caracas,432.9,Ballet,Avanzado,Grtis,0.53,Taller,Adidas,No,3.0,2,2023-07-17
3031,2025,Madrid,441.4,Salsa,Semiprofesional,Sí,10.31,,Nike,si,24.0,3,2022-01-02
3032,2024,Buenos Aires,126.0,Ballet,Avanzado,Sí,31.46,Taller,Nike,NO,0.1,3,2024-04-23
3033,2017,Madrid,454.8,Contemporáneo,Élite,Sí,80.74,Gala,Local,SÍ,36.0,5,2020-02-07
3034,2021,Lima,300.0,Salsa,Principiante,Sí,96.21,Exhibición,Gobierno,No,2.5,3,2015-04-26
3035,2018,Bogotá,181.6,Urbano,Intermedio,No,79.0,Exhibición,Gobierno,Sí,18.0,3,2023-03-08
3036,2023,Madrid,357.0,Salsa,Principiante,Sí,69.06,Taller,Adidas,No,0.5,4,2021-07-12
3037,2017,Ciudad de México,246.0,Flamenco,Élite,No,52.13,Festival,Nike,Sí,2.2,2,2017-05-30
3038,2019,Buenos Aires,195.2,Urbano,Avanzado,Sí,8.67,Gala,Gobierno,Sí,1.0,4,2022-08-16
3039,2017,Ciudad de México,355.5,Flamenco,Principiante,No,95.82,Taller,Local,No,8.0,4,2017-04-19
3040,2021,Buenos Aires,131.9,Salsa,Élite,Sí,75.84,Gala,Ninguno,No,6.7,1,2021-01-03
3041,2019,Buenos Aires,171.8,Contemporáneo,Élite,Sí,63.89,,Local,No,7.5,0,2024-12-25
3042,2023,Ciudad de México,222.9,Flamenco,Avanzado,Sí,75.9,Exhibición,Adidas,No,9.7,6,2018-09-08
3043,2021,Ciudad de México,134.3,Salsa,Avanzado,No,72.41,Exhibición,Adidas,No,8.1,10,2021-10-26
3044,2016,Caracas,208.5,Contemporáneo,Intermedio,No,63.72,Competencia,Adidas,Sí,2.9,7,2022-11-24
3045,2018,Madrid,290.0,Contemporáneo,Avanzado,Sí,98.06,Exhibición,Nike,Sí,5.0,-1,2017-11-02
3046,2023,Bogotá,373.1,Ballet,Élite,Si,90.34,Festival,Nike,No,11.0,12,2017-07-31
3047,2016,Bogotá,385.9,Ballet,Élite,Sí,64.67,Festival,Adidas,No,9.5,4,2024-10-05
3048,2024,Madrid,413.2,Contemporáneo,Principiante,Sí,69.32,Taller,Adidas,,7.1,4,2019-09-21
3049,2023,Madrid,374.7,Ballet,Principiante,Sí,5.16,Exhibición,Adidas,No,3.8,4,2021-05-23
3050,2024,Lima,343.7,Salsa,Principiante,Sí,66.99,Taller,Adidas,No,4.3,2,2022-07-30
3051,2019,Madrid,126.4,Urbano,Élite,Sí,4.42,Exhibición,Gobierno,No,9.1,3,2018-02-11
3052,2016,Caracas,206.1,Urbano,Élite,Si,58.83,Taller,Ninguno,No,10.4,5,2021-12-02
3053,2018,Buenos Aires,244.1,Salsa,Principiante,Si,99.94,Festival,Gobierno,,8.4,3,2015-01-22
3054,2021,Caracas,50.6,Ballet,Élite,Sí,55.58,,Gobierno,No,9.9,3,2024-05-13
3055,2022,Caracas,268.9,Urbano,Semiprofesional,Sí,47.32,Gala,Local,No,9.4,2,2019-10-16
3056,2017,Madrid,223.8,Flamenco,Élite,Si,31.29,Gala,Nike,No,2.6,3,2016-11-13
3057,2015,Bogotá,403.0,Hip Hop,Principiante,No,12.05,Taller,Adidas,,5.7,1,2024-12-16
3058,2018,Bogotá,489.2,Flamenco,Élite,Sí,73.1,Taller,Gobierno,Sí,2.7,4,2023-02-01
3059,2016,Lima,282.4,Hip Hop,Élite,Si,19.26,Taller,Gobierno,Sí,3.6,1,2020-01-08
3060,2022,Bogotá,168.1,Urbano,Avanzado,No,11.53,Festival,Gobierno,No,10.6,5,2021-06-25
3061,2018,Lima,31.3,Salsa,Élite,Si,42.18,Gala,Nike,Sí,6.2,4,2015-05-06
3062,2016,Ciudad de México,463.1,Urbano,Avanzado,Sí,79.53,Gala,Adidas,No,6.9,3,2015-10-04
3063,2020,Caracas,460.4,Flamenco,Principiante,Sí,74.51,Taller,Ninguno,No,3.0,5,2020-06-22
3064,2020,Caracas,134.0,Salsa,Semiprofesional,Sí,5.49,Gala,Gobierno,Sí,4.4,4,2018-05-12
3065,2024,Bogotá,350.8,Hip Hop,Intermedio,No,45.51,Festival,Nike,Sí,3.5,3,2021-02-19
3066,2018,Caracas,47.0,Ballet,Intermedio,No,52.24,Gala,Ninguno,Sí,3.3,1,2024-11-27
3067,2020,Bogotá,91.4,Salsa,Avanzado,Gratis,64.45,Competencia,Nike,Sí,8.0,4,2016-11-26
3068,2016,Bogotá,116.2,Hip Hop,Élite,No,65.02,Competencia,Ninguno,No,3.8,3,2018-08-02
3069,2024,Madrid,154.3,Urbano,Intermedio,No,36.47,Competencia,Gobierno,Sí,8.0,1,2015-02-26
3070,2016,Madrid,498.0,Contemporáneo,Avanzado,No,56.07,Gala,Ninguno,No,1.6,5,2024-03-28
3071,2024,Caracas,351.5,Ballet,Avanzado,No,48.11,Taller,Ninguno,,2.6,5,2023-11-09
3072,2018,Bogotá,198.3,Hip Hop,Principiante,Si,88.5,Taller,Gobierno,Sí,4.0,5,2015-01-19
3073,2022,Bogotá,371.2,Contemporáneo,Intermedio,Si,53.03,Festival,Ninguno,Sí,7.6,5,2024-06-03
3074,2021,Bogotá,458.5,Contemporáneo,Intermedio,No,44.1,Festival,Gobierno,Sí,8.4,2,2021-04-30
3075,2023,Caracas,479.8,Salsa,Intermedio,Sí,40.45,Exhibición,Adidas,Sí,5.9,4,2022-10-12
3076,2022,Buenos Aires,38.4,Ballet,Principiante,Sí,57.24,Gala,Local,No,5.9,4,2015-04-23
3077,2019,Ciudad de México,203.3,Salsa,Avanzado,No,80.4,Taller,Local,No,9.0,2,2024-09-29
3078,2016,Madrid,62.3,Contemporáneo,Avanzado,No,53.84,Gala,Adidas,No,1.2,3,2024-04-21
3079,2019,Ciudad de México,174.5,Contemporáneo,Principiante,No,66.17,Taller,Adidas,No,4.8,3,2016-06-25
3080,2022,Ciudad de México,93.1,Ballet,Intermedio,Sí,73.79,Exhibición,Gobierno,No,10.0,5,2022-05-18
3081,2024,Bogotá,327.0,Flamenco,Intermedio,Sí,52.02,Festival,Local,No,7.6,1,2016-08-01
3082,2023,Caracas,200.3,Contemporáneo,Avanzado,Si,42.68,Festival,Ninguno,No,4.7,3,2017-12-24
3083,2023,Ciudad de México,122.4,Urbano,Principiante,Sí,87.67,Gala,Adidas,No,11.0,1,2024-03-17
3084,2015,Caracas,140.3,Hip Hop,Avanzado,Sí,41.75,Exhibición,Adidas,No,9.5,4,2015-01-25
3085,2023,Bogotá,186.6,Flamenco,Avanzado,Gratis,46.19,Taller,Gobierno,Sí,3.9,1,2019-04-22
3086,2021,Caracas,137.4,Salsa,Principiante,No,99.03,Taller,Nike,Sí,8.1,4,2020-08-10
3087,2023,Buenos Aires,232.1,Flamenco,Principiante,Gratis,0.02,Taller,Gobierno,Sí,7.6,2,2023-02-06
3088,2022,Ciudad de México,25.8,Flamenco,Intermedio,Sí,18.55,Festival,Adidas,Sí,5.4,2,2019-04-22
3089,2015,Caracas,147.1,Ballet,Élite,Sí,38.4,Exhibición,Nike,No,5.0,5,2015-05-21
3090,2022,Bogotá,211.5,Flamenco,Semiprofesional,Sí,93.26,Taller,Adidas,No,4.8,3,2019-11-03
3091,2022,Caracas,305.4,Ballet,Élite,Sí,7.0,Exhibición,Local,Sí,7.8,5,2016-10-09
3092,2025,Lima,142.8,Contemporáneo,Avanzado,Sí,0.95,Exhibición,Local,No,5.9,4,2021-02-13
3093,2017,Ciudad de México,75.3,Flamenco,Principiante,Sí,5.27,Gala,Local,No,10.2,5,2023-10-05
3094,2015,Bogotá,47.3,Salsa,Avanzado,No,8.85,Festival,Adidas,No,8.4,1,2015-07-20
3095,2022,Lima,470.9,Salsa,Avanzado,No,3.76,Exhibición,Local,Sí,1.8,4,2023-10-04
3096,2017,Bogotá,214.2,Salsa,Principiante,No,47.98,Festival,Gobierno,No,8.0,2,2015-09-14
3097,2017,Buenos Aires,294.8,Contemporáneo,Principiante,Sí,58.08,Competencia,Local,Sí,4.0,3,2016-06-30
3098,2015,Caracas,460.4,Hip Hop,Élite,Sí,27.17,Gala,Gobierno,No,7.5,4,2021-02-19
3099,2025,Ciudad de México,50.5,Ballet,Principiante,Sí,39.83,Exhibición,Local,Sí,8.5,4,2022-07-13
3100,2019,Ciudad de México,439.6,Urbano,Intermedio,No,9.17,Taller,Gobierno,No,3.5,1,2023-09-11
3101,2024,Caracas,280.3,Ballet,Élite,No,33.64,Festival,Adidas,No,6.0,3,2024-11-15
3102,2021,Ciudad de México,90.8,Flamenco,Intermedio,Sí,52.25,,Local,No,3.1,2,2024-02-19
3103,2024,Buenos Aires,211.5,Contemporáneo,Intermedio,Gratis,73.23,Gala,Ninguno,Sí,1.6,4,2017-03-12
3104,2023,Caracas,391.0,Flamenco,Principiante,Sí,0.33,Competencia,Nike,No,5.2,4,2017-07-30
3105,2021,Madrid,245.4,Hip Hop,Avanzado,Sí,46.73,Exhibición,Local,Sí,5.0,1,2024-06-17
3106,2023,Ciudad de México,492.8,Urbano,Avanzado,Gratis,29.7,Festival,Local,Sí,12.0,5,2024-02-14
3107,2022,Madrid,194.6,Urbano,Principiante,Sí,85.28,Competencia,Local,No,5.9,2,2016-02-18
3108,2016,Ciudad de México,377.3,Ballet,Intermedio,Si,71.56,Festival,Gobierno,Sí,4.7,3,2020-07-07
3109,2015,Caracas,202.6,Flamenco,Avanzado,No,58.91,Exhibición,Ninguno,Sí,7.4,4,2018-10-13
3110,2021,Caracas,416.3,Flamenco,Semiprofesional,No,27.73,Taller,Adidas,Sí,2.0,4,2018-01-03
3111,2021,Ciudad de México,288.8,Flamenco,Intermedio,Sí,91.03,Gala,Gobierno,,11.6,2,2024-05-19
3112,2022,Buenos Aires,41.1,Salsa,Avanzado,Si,4.51,Gala,Gobierno,No,8.0,5,2017-06-28
3113,2019,Buenos Aires,28.0,Urbano,Principiante,Gratis,10.95,Gala,Adidas,No,9.3,4,2015-07-07
3114,2017,Bogotá,75.6,Contemporáneo,Intermedio,Si,39.16,Taller,Ninguno,No,2.9,2,2020-07-08
3115,2022,Bogotá,16.7,Ballet,Élite,Gratis,12.44,Taller,Nike,No,5.5,1,2018-08-06
3116,2020,Buenos Aires,46.9,Hip Hop,Principiante,Gratis,95.64,Competencia,Adidas,Sí,5.6,5,2020-09-23
3117,2025,Buenos Aires,348.9,Contemporáneo,Élite,No,79.8,Festival,Nike,No,10.0,3,2024-12-23
3118,2017,Buenos Aires,271.8,Flamenco,Principiante,Sí,25.9,Competencia,Gobierno,No,1.0,4,2020-10-31
3119,2015,Ciudad de México,377.5,Salsa,Semiprofesional,Sí,58.86,Gala,Local,Sí,4.3,2,2018-02-20
3120,2017,Madrid,457.5,Flamenco,Intermedio,Sí,98.23,Festival,Local,Sí,11.8,1,2015-12-24
3121,2019,Madrid,296.7,Contemporáneo,Intermedio,Si,88.42,Competencia,Local,Sí,6.2,3,2019-04-01
3122,2017,Bogotá,365.8,Contemporáneo,Avanzado,Sí,60.08,Taller,Adidas,No,5.2,2,2017-12-25
3123,2015,Bogotá,381.0,Hip Hop,Élite,Sí,90.37,Competencia,Nike,Sí,2.3,2,2023-03-03
3124,2019,Ciudad de México,195.1,Flamenco,Avanzado,No,98.92,Festival,Ninguno,No,11.7,3,2019-08-08
3125,2024,Ciudad de México,128.1,Flamenco,Semiprofesional,Sí,74.34,Gala,Local,No,1.2,1,2021-08-19
3126,2021,Cdmx,110.5,Flamenco,Principiante,Sí,6.5,Exhibición,Adidas,No,9.1,1,2015-06-11
3127,2021,Madrid,133.2,Urbano,Avanzado,Si,40.16,Exhibición,Local,Sí,9.5,5,2024-06-13
3128,2025,Bogota,144.6,Urbano,Principiante,Sí,83.78,Exhibición,Nike,Sí,3.7,4,2024-05-22
3129,2023,Ciudad de México,111.5,Hip Hop,Intermedio,Sí,23.06,Festival,Ninguno,Sí,8.4,3,2023-12-04
3130,2024,Caracas,440.3,Flamenco,Semiprofesional,Si,83.06,Festival,Ninguno,Sí,2.0,3,2021-06-27
3131,2024,Ciudad de México,380.9,Urbano,Intermedio,Sí,12.03,Taller,Adidas,No,3.8,3,2016-03-25
3132,2017,Bogotá,33.0,Salsa,Intermedio,Gratis,4.69,Exhibición,Nike,No,9.7,1,2019-02-06
3133,2021,Lima,141.6,Contemporáneo,Intermedio,No,38.41,Competencia,Ninguno,,10.5,4,2017-11-02
3134,2015,Cdmx,20.9,Ballet,Principiante,Sí,3.67,Gala,Gobierno,No,7.7,5,2021-02-09
3135,2018,Bogotá,254.1,Flamenco,Avanzado,Sí,95.73,,Nike,No,6.6,2,2020-11-28
3136,2018,Ciudad de México,243.3,Hip Hop,Principiante,No,82.62,Exhibición,Adidas,Sí,2.8,2,2020-05-04
3137,2019,Bogotá,417.4,Contemporáneo,Élite,Sí,80.08,Taller,Gobierno,Sí,1.7,3,2021-12-30
3138,2021,Bogotá,160.8,Contemporáneo,Principiante,Sí,62.98,Festival,Adidas,,2.3,4,2018-08-06
3139,2021,Lima,410.0,Salsa,Élite,No,21.63,Taller,Gobierno,No,3.5,1,2021-05-31
3140,2025,Ciudad de México,484.3,Urbano,Élite,Si,51.83,Competencia,Nike,No,4.8,4,2024-08-23
3141,2018,Lima,53.3,Contemporáneo,Principiante,Sí,59.73,Gala,Local,Sí,5.2,4,2023-01-30
3142,2021,Lima,398.0,Hip Hop,Semiprofesional,No,52.5,,Local,No,4.8,1,2018-05-23
3143,2025,Lima,299.1,Flamenco,Semiprofesional,No,26.02,Festival,Adidas,No,3.6,3,2017-08-31
3144,2017,Caracas,245.2,Hip Hop,Avanzado,No,51.52,Gala,Gobierno,Sí,6.6,4,2016-09-23
3145,2020,Bogotá,216.1,Ballet,Élite,Sí,49.12,Taller,Ninguno,No,10.1,2,2019-05-10
3146,2016,Ciudad de México,394.5,Ballet,Principiante,Sí,99.63,Festival,Adidas,No,4.1,1,2017-11-16
3147,2024,Buenos Aires,323.3,Contemporáneo,Intermedio,No,89.74,Gala,Local,Sí,11.4,5,2022-08-12
3148,2023,Lima,404.5,Contemporáneo,Élite,No,46.34,Exhibición,Local,Sí,10.6,3,2024-01-16
3149,2019,Bogotá,452.5,Flamenco,Intermedio,No,62.29,,Ninguno,Sí,2.8,1,2019-05-08
3150,2020,Bogotá,312.5,Urbano,Avanzado,Sí,74.79,Exhibición,Nike,Sí,9.6,5,2021-06-26
3151,2018,Ciudad de México,490.4,Contemporáneo,Principiante,Gratis,3.49,Exhibición,Local,No,7.3,5,2023-02-08
3152,2025,Bogotá,308.0,Contemporáneo,Semiprofesional,Sí,89.49,Festival,Adidas,Sí,7.2,4,2024-01-18
3153,2024,Bogotá,322.0,Urbano,Principiante,Si,86.01,Competencia,Nike,Sí,5.3,4,2019-08-21
3154,2021,Bogotá,281.9,Urbano,Principiante,Sí,45.74,Competencia,Local,No,6.5,4,2016-03-12
3155,2023,Madrid,54.6,Hip Hop,Principiante,Sí,39.12,Exhibición,Adidas,Sí,5.4,1,2022-09-29
3156,2021,Buenos Aires,365.9,Flamenco,Avanzado,Si,27.3,Exhibición,Nike,Sí,6.9,1,2019-04-06
3157,2015,Caracas,278.2,Hip Hop,Intermedio,Sí,47.67,,Gobierno,,7.9,3,2024-07-06
3158,2015,Caracas,230.9,Urbano,Intermedio,Si,4.44,Festival,Gobierno,No,8.4,4,2017-12-12
3159,2023,Caracas,456.1,Flamenco,Semiprofesional,Gratis,85.22,Taller,Adidas,No,6.9,5,2024-04-07
3160,2025,Caracas,156.0,Urbano,Principiante,Sí,3.54,Taller,Local,,8.9,2,2018-07-28
3161,2023,Madrid,266.6,Flamenco,Avanzado,No,32.91,Taller,Nike,Sí,2.6,3,2022-08-05
3162,2018,Madrid,351.8,Salsa,Élite,No,93.16,Competencia,Nike,Sí,3.3,1,2020-09-09
3163,2023,Lima,400.3,Hip Hop,Intermedio,Sí,73.52,Exhibición,Nike,Sí,10.0,3,2021-07-12
3164,2017,Buenos Aires,235.1,Flamenco,Élite,Sí,28.14,Exhibición,Local,Sí,4.5,3,2015-07-02
3165,2021,Bogotá,422.6,Urbano,Semiprofesional,Sí,25.26,Gala,Nike,No,1.3,3,2023-06-22
3166,2020,Cdmx,386.8,Salsa,Principiante,Sí,0.51,Gala,Nike,Sí,2.7,3,2022-02-04
3167,2022,Lima,42.5,Ballet,Élite,No,69.57,Taller,Ninguno,Sí,3.5,2,2019-01-09
3168,2025,Bogotá,32.5,Hip Hop,Intermedio,No,4.88,Taller,Gobierno,Sí,11.5,4,2023-08-12
3169,2023,Bogotá,314.2,Urbano,Avanzado,Sí,53.26,Festival,Adidas,No,7.3,5,2023-06-09
3170,2019,Lima,180.2,Hip Hop,Avanzado,Si,96.21,Gala,Nike,Sí,11.3,3,2024-09-25
3171,2015,Ciudad de México,112.5,Urbano,Intermedio,Sí,10.95,Exhibición,Gobierno,Sí,7.3,3,2019-01-19
3172,2017,Bogotá,294.0,Contemporáneo,Avanzado,Sí,89.45,Gala,Local,Sí,6.3,3,2019-05-09
3173,2024,Caracas,177.4,Contemporáneo,Principiante,Sí,99.15,Gala,Ninguno,No,4.5,4,2019-05-07
3174,2022,Buenos Aires,273.3,Contemporáneo,Avanzado,Sí,6.15,Competencia,Adidas,No,7.7,1,2016-10-21
3175,2025,Madrid,235.5,Urbano,Avanzado,Si,88.29,Competencia,Ninguno,Sí,2.5,1,2015-06-09
3176,2020,Caracas,296.5,Urbano,Avanzado,Sí,51.61,Gala,Local,No,10.9,2,2023-06-13
3177,2022,Madrid,206.1,Hip Hop,Principiante,Sí,90.65,Taller,Ninguno,No,10.1,1,2023-11-24
3178,2023,Caracas,351.9,Contemporáneo,Avanzado,No,57.13,Festival,Gobierno,Sí,4.5,3,2021-09-25
3179,2018,Bogotá,98.2,Ballet,Intermedio,Sí,66.21,Taller,Gobierno,Sí,11.5,3,2017-10-08
3180,2015,Caracas,351.3,Salsa,Principiante,Gratis,54.38,Gala,Gobierno,No,10.1,3,2015-02-22
3181,2015,Madrid,211.7,Flamenco,Principiante,No,86.45,Exhibición,Nike,Sí,8.3,2,2021-09-21
3182,2024,Madrid,438.4,Salsa,Élite,No,73.39,Taller,Ninguno,No,2.3,3,2022-12-04
3183,2018,Buenos Aires,262.5,Salsa,Intermedio,Sí,52.13,Gala,Gobierno,No,6.3,1,2017-11-11
3184,2021,Madrid,486.8,Hip Hop,Intermedio,No,86.82,,Gobierno,No,6.6,4,2017-11-19
3185,2016,Caracas,304.9,Ballet,Intermedio,No,24.53,Festival,Gobierno,,3.6,4,2022-07-13
3186,2017,Buenos Aires,119.7,Hip Hop,Intermedio,No,15.73,Festival,Local,No,1.9,5,2021-04-26
3187,2015,Buenos Aires,412.7,Flamenco,Principiante,No,16.04,Exhibición,Adidas,Sí,9.5,1,2018-05-13
3188,2019,Madrid,179.1,Contemporáneo,Intermedio,Si,33.4,Competencia,Local,Sí,2.3,3,2023-07-28
3189,2015,Lima,180.3,Urbano,Principiante,No,23.87,Competencia,Ninguno,No,7.5,4,2019-02-03
3190,2022,Ciudad de México,25.6,Contemporáneo,Élite,Gratis,93.01,Festival,Nike,Sí,11.3,1,2022-09-24
3191,2015,Madrid,278.9,Salsa,Élite,Sí,10.58,Exhibición,Gobierno,No,10.6,4,2019-01-29
3192,2025,Ciudad de México,271.9,Hip Hop,Élite,No,69.9,Competencia,Local,Sí,4.1,3,2017-11-01
3193,2015,Lima,184.4,Urbano,Élite,Sí,18.92,Gala,Ninguno,Sí,10.4,4,2020-05-04
3194,2016,Bogotá,448.2,Urbano,Élite,No,88.16,Exhibición,Adidas,Sí,1.0,5,2024-03-15
3195,2016,Madrid,73.1,Ballet,Principiante,No,96.13,Taller,Ninguno,No,1.2,5,2017-04-29
3196,2020,Caracas,171.7,Salsa,Intermedio,No,46.55,Competencia,Gobierno,No,7.6,4,2015-12-20
3197,2021,Ciudad de México,167.6,Ballet,Intermedio,No,87.91,Taller,Adidas,No,5.0,1,2018-01-03
3198,2019,Caracas,55.2,Urbano,Élite,No,0.51,Competencia,Nike,Sí,5.3,1,2022-12-30
3199,2015,Lima,245.8,Ballet,Élite,No,81.99,Gala,Gobierno,No,7.2,1,2019-10-06
3200,2015,Buenos Aires,347.0,Ballet,Avanzado,Sí,22.86,Gala,Ninguno,No,3.1,4,2024-12-11
3201,2017,Caracas,260.7,Ballet,Avanzado,No,90.87,Competencia,Gobierno,Sí,3.3,1,2019-01-04
3202,2016,Bogotá,86.9,Hip Hop,Avanzado,No,0.11,Competencia,Local,Sí,6.3,3,2017-09-17
3203,2019,Ciudad de México,194.9,Salsa,Avanzado,Sí,55.62,Exhibición,Local,Sí,9.3,5,2018-06-18
3204,2024,Buenos Aires,11.3,Hip Hop,Élite,Sí,75.66,Exhibición,Ninguno,Sí,7.8,3,2023-05-24
3205,2020,Lima,435.5,Contemporáneo,Semiprofesional,Si,25.87,Taller,Local,,4.3,1,2020-02-28
3206,2021,Lima,51.4,Flamenco,Élite,Si,19.31,Competencia,Local,No,5.7,3,2023-10-31
3207,2018,Bogotá,302.7,Hip Hop,Semiprofesional,Sí,8.41,Exhibición,Local,No,2.9,1,2019-12-15
3208,2021,Bogotá,493.3,Salsa,Semiprofesional,Sí,32.64,Gala,Nike,,1.8,4,2023-09-03
3209,2025,Buenos Aires,272.9,Urbano,Principiante,Si,55.98,Festival,Local,No,9.6,3,2021-05-30
3210,2022,Madrid,462.8,Salsa,Élite,No,11.58,Exhibición,Gobierno,Sí,3.9,4,2021-03-06
3211,2025,Buenos Aires,125.7,Urbano,Semiprofesional,No,37.67,Competencia,Gobierno,Sí,3.0,4,2024-05-07
3212,2015,Bogotá,382.4,Ballet,Intermedio,Sí,0.91,Competencia,Gobierno,Sí,8.6,2,2018-01-16
3213,2020,Ciudad de México,270.3,Urbano,Principiante,No,81.87,Gala,Gobierno,,7.8,1,2017-03-28
3214,2022,Buenos Aires,363.1,Urbano,Principiante,Sí,12.84,Festival,Ninguno,Sí,8.0,5,2019-12-05
3215,2019,Madrid,40.5,Salsa,Élite,Sí,28.33,Taller,Ninguno,No,3.5,1,2020-05-14
3216,2018,Madrid,82.4,Contemporáneo,Élite,Sí,1.84,Gala,Ninguno,Sí,3.6,5,2021-09-03
3217,2016,Buenos Aires,75.2,Flamenco,Intermedio,No,43.22,Competencia,Ninguno,Sí,3.4,1,2021-06-30
3218,2020,Bogotá,346.7,Flamenco,Avanzado,Sí,84.01,Festival,Gobierno,No,2.9,4,2023-03-07
3219,2020,Bogotá,423.8,Hip Hop,Avanzado,Si,39.22,Exhibición,Ninguno,Sí,8.2,3,2017-06-07
3220,2025,Lima,377.3,Contemporáneo,Avanzado,Sí,17.95,Competencia,Gobierno,Sí,10.3,3,2020-01-30
3221,2015,Ciudad de México,24.9,Hip Hop,Avanzado,No,75.37,,Nike,Sí,9.0,2,2018-03-26
3222,2023,Bogotá,434.9,Flamenco,Intermedio,Gratis,78.88,Exhibición,Gobierno,No,9.7,5,2016-10-29
3223,2025,Bogotá,183.5,Urbano,Semiprofesional,Gratis,17.38,Exhibición,Gobierno,Sí,5.5,5,2016-09-24
3224,2020,Buenos Aires,204.6,Urbano,Élite,Sí,77.09,Gala,Nike,Sí,8.2,5,2022-03-09
3225,2017,Bogotá,61.4,Urbano,Intermedio,Sí,94.73,Taller,Nike,,4.9,4,2019-07-01
3226,2018,Lima,371.3,Flamenco,Élite,Gratis,16.64,Competencia,Gobierno,Sí,6.8,5,2015-05-17
3227,2025,Bogota,99.3,Contemporáneo,Élite,Sí,77.1,Gala,Ninguno,No,6.3,3,2020-04-30
3228,2018,Lima,286.3,Salsa,Avanzado,No,70.86,Festival,Ninguno,,2.9,4,2019-08-25
3229,2017,Buenos Aires,421.9,Urbano,Semiprofesional,Gratis,47.36,Competencia,Local,Sí,5.3,1,2016-03-03
3230,2024,Buenos Aires,53.7,Flamenco,Principiante,Sí,5.79,,Ninguno,No,11.6,5,2019-01-15
3231,2017,Ciudad de México,272.3,Ballet,Avanzado,Si,7.47,Gala,Nike,Sí,3.7,5,2022-04-13
3232,2017,Buenos Aires,124.3,Ballet,Intermedio,Sí,85.24,Gala,Gobierno,Sí,2.5,1,2023-02-06
3233,2018,Lima,178.0,Salsa,Avanzado,Sí,99.01,Festival,Adidas,,5.6,5,2017-03-29
3234,2021,Ciudad de México,242.2,Flamenco,Semiprofesional,No,67.61,Festival,Gobierno,Sí,9.7,1,2020-12-28
3235,2018,Bogotá,184.0,Flamenco,Semiprofesional,No,44.6,Exhibición,Nike,Sí,7.4,4,2018-01-11
3236,2023,Lima,327.9,Urbano,Avanzado,No,64.76,Taller,Adidas,Sí,8.5,3,2021-02-02
3237,2015,Madrid,245.0,Salsa,Avanzado,Sí,59.44,Taller,Gobierno,No,3.1,1,2015-07-17
3238,2022,Caracas,296.3,Hip Hop,Principiante,No,38.36,Festival,Local,No,7.8,2,2022-04-25
3239,2021,Bogotá,371.0,Urbano,Avanzado,No,6.56,Festival,Ninguno,No,4.6,1,2024-12-18
3240,2016,Buenos Aires,283.3,Flamenco,Principiante,Sí,82.15,Competencia,Nike,Sí,10.2,5,2020-06-18
3241,2022,Bogotá,297.4,Ballet,Élite,No,37.18,Competencia,Gobierno,No,7.9,4,2022-07-01
3242,2015,Caracas,286.6,Contemporáneo,Principiante,No,81.88,Competencia,Gobierno,Sí,3.2,4,2024-07-24
3243,2025,Caracas,195.6,Flamenco,Intermedio,Sí,25.25,Competencia,Adidas,No,1.7,1,2021-09-14
3244,2023,Madrid,175.3,Salsa,Semiprofesional,Sí,0.1,Exhibición,Local,Sí,1.5,3,2016-04-15
3245,2023,Bogotá,450.8,Contemporáneo,Intermedio,No,15.89,Exhibición,Ninguno,Sí,5.1,2,2021-03-15
3246,2016,Caracas,307.7,Urbano,Élite,No,46.85,Gala,Gobierno,No,3.9,4,2020-05-02
3247,2021,Lima,129.7,Ballet,Intermedio,Sí,94.43,Exhibición,Ninguno,No,8.1,5,2017-07-17
3248,2024,Lima,254.1,Ballet,Intermedio,No,10.22,Taller,Ninguno,No,6.5,5,2020-07-03
3249,2017,Ciudad de México,171.9,Contemporáneo,Principiante,Sí,85.42,Taller,Gobierno,Sí,3.9,3,2022-05-03
3250,2021,Buenos Aires,467.5,Ballet,Semiprofesional,No,52.7,Festival,Adidas,,2.6,4,2023-03-18
3251,2024,Lima,13.7,Hip Hop,Élite,Sí,82.59,Festival,Adidas,No,2.4,1,2017-06-24
3252,2023,Lima,120.4,Ballet,Élite,Sí,29.84,Competencia,Nike,Sí,10.5,5,2021-01-31
3253,2018,Ciudad de México,189.0,Contemporáneo,Principiante,No,83.99,Gala,Gobierno,No,3.7,3,2015-01-23
3254,2015,Caracas,249.0,Salsa,Élite,Sí,77.28,Exhibición,Nike,Sí,8.2,4,2015-08-23
3255,2016,Buenos Aires,426.9,Ballet,Intermedio,Gratis,23.01,Taller,Gobierno,No,9.9,4,2023-06-12
3256,2015,Caracas,53.1,Ballet,Principiante,Sí,13.13,Festival,Nike,No,7.8,4,2018-01-29
3257,2019,Madrid,404.9,Ballet,Principiante,Sí,86.81,Gala,Gobierno,Sí,10.5,4,2017-07-17
3258,2019,Lima,37.3,Urbano,Principiante,No,96.32,Festival,Adidas,Sí,5.3,4,2024-11-16
3259,2025,Lima,422.7,Urbano,Intermedio,Sí,3.13,Festival,Gobierno,Sí,11.5,5,2016-06-06
3260,2021,Bogotá,35.3,Urbano,Principiante,Gratis,73.13,Taller,Nike,Sí,2.5,3,2019-12-14
3261,2023,Lima,18.9,Flamenco,Élite,Si,90.95,Exhibición,Nike,,2.1,4,2024-08-24
3262,2023,Madrid,351.5,Flamenco,Principiante,Gratis,85.74,Festival,Nike,No,8.2,2,2016-03-06
3263,2017,Caracas,498.7,Flamenco,Élite,Sí,96.45,,Gobierno,No,11.4,2,2017-03-03
3264,2017,Caracas,449.3,Salsa,Intermedio,No,76.01,Exhibición,Nike,Sí,9.9,3,2019-06-18
3265,2017,Madrid,292.2,Hip Hop,Principiante,Sí,44.23,Taller,Ninguno,Sí,1.8,1,2019-10-03
3266,2018,Bogotá,459.5,Flamenco,Principiante,No,31.2,Competencia,Local,No,4.1,1,2016-06-16
3267,2022,Bogotá,12.6,Ballet,Semiprofesional,Sí,32.07,Competencia,Nike,No,11.2,1,2023-04-15
3268,2020,Lima,487.8,Hip Hop,Avanzado,Sí,72.44,,Gobierno,Sí,3.8,2,2019-10-13
3269,2022,Madrid,250.5,Contemporáneo,Avanzado,No,74.58,Competencia,Local,No,9.6,1,2019-08-03
3270,2015,Buenos Aires,364.2,Ballet,Avanzado,Sí,20.04,Gala,Gobierno,No,10.1,5,2018-08-09
3271,2022,Buenos Aires,412.2,Urbano,Principiante,Si,86.81,,Nike,Sí,6.4,4,2022-10-28
3272,2018,Caracas,362.0,Flamenco,Élite,No,71.49,Taller,Nike,No,5.2,2,2017-07-01
3273,2025,Bogotá,272.2,Ballet,Intermedio,No,56.28,Gala,Nike,Sí,6.0,3,2018-01-29
3274,2015,Buenos Aires,243.5,Flamenco,Avanzado,Sí,47.15,Exhibición,Gobierno,No,3.5,3,2019-03-06
3275,2022,Lima,420.9,Salsa,Intermedio,Si,54.32,Exhibición,Local,Sí,10.8,4,2018-08-20
3276,2018,Bogotá,110.5,Flamenco,Avanzado,Sí,15.92,Gala,Local,Sí,6.0,2,2022-12-28
3277,2020,Caracas,484.3,Urbano,Principiante,Sí,20.37,Gala,Local,Sí,10.7,1,2022-01-31
3278,2022,Ciudad de México,358.4,Hip Hop,Principiante,No,9.12,Festival,Adidas,No,2.2,1,2017-10-20
3279,2018,Buenos Aires,107.8,Hip Hop,Principiante,Sí,15.37,Taller,Ninguno,Sí,11.9,5,2019-04-26
3280,2017,Lima,370.8,Contemporáneo,Élite,No,45.37,Festival,Nike,Sí,5.9,5,2018-10-10
3281,2023,Bogotá,269.6,Ballet,Élite,Sí,53.04,,Gobierno,Sí,1.5,1,2024-03-28
3282,2017,Lima,356.5,Salsa,Avanzado,Sí,1.79,Competencia,Local,Sí,1.4,3,2019-02-28
3283,2023,Buenos Aires,386.2,Flamenco,Principiante,Sí,79.68,Gala,Gobierno,Sí,9.2,3,2019-08-09
3284,2016,Lima,52.8,Contemporáneo,Semiprofesional,Sí,29.42,Exhibición,Local,Sí,8.2,5,2020-06-20
3285,2016,Lima,258.0,Ballet,Intermedio,Sí,91.18,Gala,Adidas,No,9.8,4,2015-08-15
3286,2016,Ciudad de México,466.7,Flamenco,Avanzado,Sí,96.75,Exhibición,Ninguno,No,2.2,1,2018-06-13
3287,2020,Lima,167.1,Flamenco,Principiante,Sí,18.55,Taller,Local,Sí,1.4,5,2017-05-22
3288,2017,Madrid,301.0,Hip Hop,Élite,No,46.21,Gala,Local,Sí,6.6,5,2017-06-10
3289,2023,Bogotá,190.9,Contemporáneo,Élite,Si,0.12,Festival,Nike,,5.3,1,2019-01-18
3290,2018,Lima,232.6,Hip Hop,Avanzado,No,59.83,Competencia,Gobierno,Sí,6.1,1,2017-11-02
3291,2015,Buenos Aires,278.8,Salsa,Principiante,No,60.73,Exhibición,Nike,Sí,11.9,3,2021-03-07
3292,2018,Buenos Aires,279.0,Flamenco,Élite,Sí,24.75,Gala,Local,No,11.7,4,2022-08-20
3293,2015,Bogotá,108.8,Urbano,Semiprofesional,Sí,55.84,Festival,Gobierno,Sí,11.4,4,2016-02-01
3294,2019,Madrid,345.4,Contemporáneo,Élite,Sí,22.55,Festival,Local,No,9.6,1,2018-01-28
3295,2018,Caracas,53.1,Urbano,Élite,No,16.08,Festival,Gobierno,No,4.9,2,2020-09-09
3296,2022,Buenos Aires,78.0,Ballet,Intermedio,No,65.15,Exhibición,Adidas,No,5.5,5,2023-01-24
3297,2022,Buenos Aires,11.3,Hip Hop,Avanzado,Sí,32.59,Festival,Local,Sí,7.0,5,2024-11-08
3298,2021,Ciudad de México,67.2,Flamenco,Semiprofesional,Sí,59.03,Gala,Adidas,No,10.1,1,2016-10-10
3299,2017,Lima,241.9,Ballet,Avanzado,No,43.32,Competencia,Local,Sí,1.8,2,2015-11-25
3300,2015,Buenos Aires,307.0,Flamenco,Principiante,Sí,98.44,Competencia,Nike,Sí,5.7,3,2023-11-12
3301,2015,Buenos Aires,399.2,Ballet,Principiante,No,14.96,Taller,Ninguno,No,1.9,1,2019-01-22
3302,2025,Bogotá,62.3,Urbano,Semiprofesional,Sí,46.46,Exhibición,Adidas,Sí,6.7,1,2017-08-09
3303,2017,Buenos Aires,426.9,Contemporáneo,Principiante,Sí,68.05,Taller,Nike,No,10.9,5,2020-06-28
3304,2020,Cdmx,375.5,Urbano,Élite,No,39.55,Festival,Adidas,Sí,9.6,1,2020-07-09
3305,2021,Caracas,210.2,Salsa,Intermedio,No,97.47,,Nike,No,3.5,1,2023-09-07
3306,2020,Ciudad de México,467.1,Hip Hop,Élite,No,72.19,Festival,Adidas,,11.7,1,2022-04-22
3307,2020,Madrid,495.6,Hip Hop,Principiante,Gratis,65.7,Gala,Ninguno,No,8.3,5,2020-02-22
3308,2020,Lima,110.5,Urbano,Intermedio,Sí,75.71,Exhibición,Local,Sí,1.1,3,2018-04-11
3309,2017,Bogotá,195.8,Hip Hop,Avanzado,Sí,95.26,Gala,Local,No,3.8,3,2019-11-08
3310,2020,Madrid,464.0,Hip Hop,Élite,No,90.78,Festival,Nike,No,3.9,1,2015-06-11
3311,2022,Caracas,363.6,Salsa,Principiante,Si,72.43,,Ninguno,,1.8,5,2019-10-18
3312,2025,Bogotá,33.6,Flamenco,Intermedio,Sí,74.92,Festival,Local,Sí,11.6,3,2017-02-14
3313,2025,Caracas,392.9,Flamenco,Élite,Si,14.59,Gala,Local,Sí,6.3,3,2024-02-17
3314,2016,Caracas,415.7,Flamenco,Avanzado,Sí,10.28,Festival,Gobierno,No,10.9,3,2020-01-02
3315,2019,Lima,377.7,Hip Hop,Principiante,No,57.09,Taller,Local,No,4.5,5,2021-05-10
3316,2015,Ciudad de México,401.8,Ballet,Élite,No,1.84,Competencia,Ninguno,Sí,2.4,5,2023-06-02
3317,2015,Caracas,414.3,Contemporáneo,Intermedio,Sí,48.24,Taller,Nike,Sí,6.2,1,2017-11-17
3318,2019,Caracas,101.3,Salsa,Intermedio,No,21.03,Gala,Local,No,2.3,4,2021-07-01
3319,2017,Caracas,125.5,Urbano,Principiante,No,34.6,Competencia,Gobierno,No,6.3,3,2017-07-28
3320,2018,Lima,320.5,Urbano,Principiante,Sí,77.58,Festival,Gobierno,Sí,11.1,4,2023-10-26
3321,2017,Madrid,454.9,Salsa,Avanzado,No,94.12,Gala,Adidas,No,6.7,5,2016-06-23
3322,2015,Caracas,164.9,Hip Hop,Intermedio,Sí,7.24,Exhibición,Ninguno,No,7.8,5,2021-12-10
3323,2015,Madrid,298.3,Hip Hop,Principiante,Si,53.42,Exhibición,Ninguno,No,2.7,5,2017-04-01
3324,2019,Bogotá,344.7,Hip Hop,Principiante,No,88.25,,Adidas,Sí,1.5,4,2019-01-01
3325,2020,Caracas,231.5,Salsa,Principiante,Sí,8.25,Competencia,Gobierno,Sí,2.2,5,2017-12-24
3326,2017,Buenos Aires,359.8,Hip Hop,Élite,No,82.45,Festival,Local,Sí,7.6,1,2015-12-22
3327,2023,Bogotá,450.8,Contemporáneo,Intermedio,Sí,35.78,Competencia,Nike,No,2.0,5,2024-11-13
3328,2019,Bogotá,315.8,Urbano,Principiante,Sí,32.21,Festival,Adidas,Sí,5.1,2,2024-02-06
3329,2022,Madrid,274.5,Urbano,Avanzado,Sí,97.75,Festival,Ninguno,No,7.1,4,2015-08-23
3330,2015,Caracas,225.0,Hip Hop,Semiprofesional,Sí,20.09,Taller,Adidas,,5.3,2,2021-03-24
3331,2019,Caracas,293.0,Ballet,Avanzado,Sí,69.32,Festival,Gobierno,No,2.8,5,2019-03-29
3332,2017,Ciudad de México,184.1,Ballet,Élite,No,82.14,Festival,Ninguno,Sí,4.0,1,2024-04-07
3333,2015,Buenos Aires,201.8,Salsa,Intermedio,Sí,4.12,,Local,Sí,11.2,3,2020-09-27
3334,2018,Lima,270.6,Salsa,Principiante,No,67.04,Competencia,Ninguno,No,8.4,5,2015-04-28
3335,2019,Ciudad de México,42.6,Hip Hop,Élite,Gratis,95.15,Festival,Adidas,Sí,6.5,1,2020-10-02
3336,2021,Madrid,122.2,Urbano,Semiprofesional,No,12.42,Taller,Gobierno,,1.1,4,2019-08-01
3337,2015,Caracas,276.0,Ballet,Élite,Sí,89.62,Taller,Gobierno,Sí,11.9,2,2022-02-25
3338,2017,Madrid,221.4,Salsa,Semiprofesional,Sí,59.48,,Ninguno,,8.4,2,2017-12-03
3339,2016,Ciudad de México,173.1,Urbano,Principiante,No,61.66,Competencia,Ninguno,Sí,4.5,2,2020-10-01
3340,2023,Ciudad de México,368.0,Hip Hop,Semiprofesional,Sí,61.29,Exhibición,Nike,,10.7,4,2016-07-11
3341,2024,Caracas,349.9,Ballet,Semiprofesional,Sí,29.88,,Local,Sí,3.8,1,2024-11-05
3342,2020,Ciudad de México,91.7,Flamenco,Avanzado,Sí,93.52,Taller,Nike,Sí,7.0,4,2023-09-09
3343,2024,Bogotá,440.5,Ballet,Élite,Sí,94.74,Competencia,Ninguno,Sí,8.0,2,2019-12-21
3344,2017,Bogotá,252.8,Ballet,Semiprofesional,Si,62.53,Gala,Local,No,3.4,5,2020-06-28
3345,2022,Madrid,373.3,Urbano,Élite,Si,78.34,Exhibición,Local,No,11.8,3,2022-12-25
3346,2022,Buenos Aires,290.8,Ballet,Principiante,Sí,61.23,Gala,Adidas,No,9.2,4,2016-02-02
3347,2016,Buenos Aires,498.9,Contemporáneo,Élite,No,48.44,Exhibición,Gobierno,Sí,7.1,4,2023-10-15
3348,2020,Caracas,378.7,Flamenco,Avanzado,Si,66.08,Festival,Gobierno,No,3.0,1,2016-11-05
3349,2021,Lima,356.4,Ballet,Élite,Sí,55.3,,Nike,Sí,1.6,1,2016-01-22
3350,2016,Caracas,391.5,Flamenco,Principiante,No,59.75,Exhibición,Adidas,,4.5,4,2020-11-28
3351,2025,Bogotá,80.1,Urbano,Intermedio,Sí,78.38,Taller,Adidas,,9.3,2,2022-04-15
3352,2024,Ciudad de México,110.2,Ballet,Intermedio,Sí,48.09,Taller,Local,Sí,4.0,3,2020-08-26
3353,2016,Buenos Aires,359.9,Ballet,Intermedio,No,4.08,Festival,Local,,6.9,1,2023-11-28
3354,2024,Madrid,252.1,Flamenco,Avanzado,Sí,16.4,Gala,Nike,No,9.0,2,2017-06-02
3355,2015,Caracas,379.8,Contemporáneo,Intermedio,No,43.86,Exhibición,Adidas,,2.2,5,2024-11-16
3356,2022,Lima,60.4,Salsa,Intermedio,Sí,72.48,Gala,Gobierno,No,8.5,1,2016-06-24
3357,2015,Lima,272.9,Salsa,Avanzado,Si,59.33,Taller,Ninguno,No,2.0,2,2015-06-20
3358,2023,Madrid,195.6,Contemporáneo,Intermedio,Gratis,65.03,Gala,Nike,No,11.6,2,2021-09-22
3359,2025,Lima,233.9,Hip Hop,Intermedio,Sí,47.93,Exhibición,Gobierno,Sí,6.4,3,2017-01-09
3360,2020,Lima,305.9,Contemporáneo,Intermedio,Sí,61.57,Gala,Local,Sí,2.7,3,2018-11-02
3361,2021,Lima,256.1,Ballet,Intermedio,Gratis,32.9,Taller,Adidas,Sí,4.8,5,2023-12-04
3362,2024,Ciudad de México,274.5,Urbano,Élite,Si,47.02,Gala,Local,Sí,5.5,2,2022-12-15
3363,2021,Bogotá,248.3,Salsa,Principiante,Sí,74.43,Exhibición,Gobierno,Sí,9.3,2,2021-03-27
3364,2024,Buenos Aires,210.4,Flamenco,Principiante,No,87.18,Exhibición,Nike,No,9.2,3,2015-04-29
3365,2017,Bogotá,388.2,Hip Hop,Principiante,No,43.37,Exhibición,Adidas,,7.7,1,2023-11-02
3366,2016,Lima,16.0,Ballet,Semiprofesional,Gratis,4.37,Festival,Ninguno,No,2.2,1,2022-10-02
3367,2023,Caracas,303.2,Hip Hop,Élite,Sí,16.17,Exhibición,Local,,2.7,4,2021-11-17
3368,2022,Caracas,287.1,Ballet,Principiante,Sí,2.09,Gala,Adidas,No,2.0,3,2020-11-21
3369,2024,Ciudad de México,360.9,Hip Hop,Principiante,No,65.33,,Ninguno,No,7.3,4,2022-07-08
3370,2021,Madrid,303.5,Salsa,Élite,Sí,33.23,Festival,Adidas,Sí,10.6,3,2020-06-18
3371,2023,Lima,415.1,Ballet,Principiante,Gratis,54.25,Festival,Gobierno,Sí,5.8,5,2024-10-13
3372,2018,Caracas,479.9,Ballet,Élite,No,49.33,,Local,Sí,2.8,2,2019-09-02
3373,2018,Ciudad de México,177.8,Ballet,Intermedio,No,8.15,Competencia,Adidas,Sí,7.1,5,2019-09-19
3374,2015,Buenos Aires,121.4,Ballet,Semiprofesional,Sí,40.33,,Gobierno,No,9.9,3,2021-01-31
3375,2022,Caracas,217.6,Hip Hop,Élite,Gratis,22.06,Competencia,Ninguno,No,9.2,2,2022-08-24
3376,2017,Caracas,151.1,Ballet,Intermedio,No,41.84,,Nike,,10.7,1,2019-08-25
3377,2021,Bogotá,311.3,Salsa,Principiante,No,20.36,Taller,Local,No,4.1,1,2018-12-15
3378,2016,Buenos Aires,456.8,Urbano,Élite,Gratis,84.05,Festival,Nike,,3.1,4,2023-10-11
3379,2016,Bogotá,78.2,Flamenco,Principiante,No,17.42,Taller,Adidas,,10.7,3,2024-06-24
3380,2021,Madrid,59.4,Ballet,Semiprofesional,No,96.08,Festival,Local,,8.2,3,2019-10-26
3381,2020,Bogotá,135.4,Contemporáneo,Avanzado,Sí,41.59,Competencia,Ninguno,No,4.4,1,2019-03-05
3382,2017,Caracas,365.8,Flamenco,Principiante,Gratis,84.62,Gala,Ninguno,,9.2,5,2016-10-26
3383,2023,Bogotá,300.6,Urbano,Élite,Sí,62.88,Exhibición,Local,No,10.0,2,2015-02-02
3384,2024,Caracas,60.1,Urbano,Avanzado,No,73.54,Gala,Nike,No,7.8,5,2020-10-03
3385,2020,Ciudad de México,460.2,Contemporáneo,Intermedio,Sí,76.77,Festival,Local,Sí,8.6,5,2022-01-10
3386,2024,Buenos Aires,397.1,Ballet,Semiprofesional,No,50.48,Festival,Ninguno,,5.1,1,2022-09-04
3387,2024,Bogotá,21.3,Salsa,Intermedio,No,54.33,Exhibición,Local,Sí,6.9,1,2020-08-21
3388,2020,Bogotá,329.2,Ballet,Intermedio,No,51.4,,Adidas,Sí,6.8,1,2019-04-01
3389,2015,Cdmx,387.9,Urbano,Intermedio,Sí,58.81,Gala,Gobierno,No,10.3,4,2016-12-20
3390,2018,Ciudad de México,193.5,Contemporáneo,Intermedio,No,2.94,Exhibición,Nike,No,10.2,5,2022-02-15
3391,2024,Lima,43.8,Salsa,Principiante,No,39.55,Festival,Nike,No,10.2,3,2021-08-17
3392,2020,Bogotá,47.9,Urbano,Avanzado,No,60.62,Gala,Gobierno,No,1.1,2,2016-04-28
3393,2020,Madrid,61.1,Contemporáneo,Principiante,Sí,59.77,Festival,Ninguno,No,9.2,4,2017-08-30
3394,2025,Bogotá,421.8,Urbano,Principiante,Sí,79.3,Taller,Ninguno,No,9.3,3,2024-01-13
3395,2019,Madrid,456.2,Flamenco,Intermedio,No,65.5,Taller,Gobierno,No,8.5,5,2022-04-24
3396,2015,Bogotá,70.2,Hip Hop,Élite,Sí,99.21,Festival,Ninguno,No,9.3,1,2015-11-03
3397,2022,Caracas,125.6,Contemporáneo,Avanzado,No,28.39,Taller,Nike,No,10.3,5,2016-04-01
3398,2019,Madrid,91.1,Flamenco,Intermedio,Sí,35.92,Exhibición,Gobierno,Sí,6.2,2,2021-01-16
3399,2019,Buenos Aires,101.3,Salsa,Avanzado,Sí,38.38,Exhibición,Adidas,Sí,6.5,4,2015-11-27
3400,2021,Ciudad de México,420.4,Hip Hop,Semiprofesional,Gratis,46.58,Festival,Ninguno,,2.4,4,2022-09-24
3401,2018,Buenos Aires,172.8,Contemporáneo,Principiante,Sí,83.6,Taller,Gobierno,Sí,5.2,2,2015-08-13
3402,2020,Madrid,162.6,Ballet,Élite,Si,23.58,,Gobierno,Sí,8.1,3,2023-04-19
3403,2018,Caracas,121.4,Ballet,Avanzado,No,77.6,Festival,Ninguno,Sí,9.6,3,2022-08-08
3404,2017,Lima,307.9,Ballet,Principiante,Gratis,40.53,Exhibición,Local,,3.4,4,2024-10-15
3405,2021,Ciudad de México,195.9,Urbano,Avanzado,Sí,60.19,Gala,Gobierno,No,2.5,4,2019-01-19
3406,2022,Bogotá,374.7,Salsa,Avanzado,Sí,63.25,Exhibición,Gobierno,Sí,8.3,1,2023-07-14
3407,2018,Cdmx,110.7,Flamenco,Avanzado,No,37.28,Exhibición,Ninguno,Sí,1.0,3,2023-12-30
3408,2016,Bogotá,396.0,Contemporáneo,Avanzado,Sí,51.26,Gala,Ninguno,Sí,3.0,2,2017-12-18
3409,2024,Buenos Aires,305.8,Urbano,Élite,No,41.3,Taller,Ninguno,No,1.3,3,2016-10-05
3410,2017,Lima,66.0,Contemporáneo,Principiante,Sí,6.91,Festival,Nike,Sí,2.8,1,2016-09-07
3411,2015,Madrid,213.1,Urbano,Avanzado,No,43.72,Competencia,Nike,,3.0,4,2015-07-14
3412,2022,Lima,433.1,Ballet,Élite,Sí,9.74,Exhibición,Adidas,,5.3,4,2016-05-03
3413,2017,Madrid,462.3,Urbano,Semiprofesional,Sí,40.5,,Nike,Sí,5.4,1,2021-01-13
3414,2024,Caracas,238.2,Hip Hop,Principiante,Si,59.29,Competencia,Nike,Sí,10.6,2,2022-04-11
3415,2021,Ciudad de México,245.6,Flamenco,Principiante,No,57.94,Competencia,Adidas,,6.6,4,2018-06-03
3416,2024,Caracas,460.0,Hip Hop,Principiante,No,66.26,Taller,Local,No,9.0,5,2021-09-25
3417,2019,Ciudad de México,297.7,Ballet,Principiante,Sí,9.53,,Local,,2.1,4,2023-12-21
3418,2024,Lima,26.1,Hip Hop,Semiprofesional,Sí,65.21,Taller,Nike,Sí,3.5,5,2018-01-07
3419,2019,Ciudad de México,457.2,Hip Hop,Élite,Sí,31.21,Festival,Local,Sí,8.7,1,2018-02-21
3420,2021,Caracas,131.6,Hip Hop,Intermedio,Sí,39.9,Competencia,Local,Sí,1.6,1,2021-11-23
3421,2023,Lima,293.0,Flamenco,Principiante,Gratis,85.8,Taller,Gobierno,,6.4,4,2018-05-26
3422,2019,Ciudad de México,91.1,Flamenco,Intermedio,Sí,0.9,,Local,No,7.6,3,2016-05-30
3423,2015,Bogotá,26.6,Hip Hop,Principiante,Sí,58.84,Competencia,Adidas,Sí,7.6,5,2019-06-14
3424,2024,Bogota,162.6,Urbano,Élite,Gratis,59.87,,Local,Sí,1.3,2,2018-02-01
3425,2024,Buenos Aires,392.4,Hip Hop,Intermedio,Sí,39.67,,Nike,No,4.5,4,2016-01-28
3426,2015,Ciudad de México,146.0,Ballet,Principiante,Sí,23.7,Exhibición,Local,Sí,8.0,2,2016-09-22
3427,2016,Bogotá,117.8,Flamenco,Élite,Gratis,23.47,Competencia,Adidas,,2.6,4,2020-01-22
3428,2020,Lima,114.2,Urbano,Élite,Sí,88.37,Taller,Ninguno,Sí,8.6,3,2022-04-09
3429,2023,Ciudad de México,262.4,Salsa,Principiante,Sí,44.2,Gala,Ninguno,Sí,9.2,3,2017-09-06
3430,2022,Ciudad de México,488.0,Ballet,Avanzado,No,33.09,Exhibición,Adidas,No,11.8,3,2016-03-09
3431,2019,Ciudad de México,234.9,Contemporáneo,Semiprofesional,Sí,44.88,Competencia,Adidas,Sí,3.3,3,2024-04-25
3432,2015,Caracas,283.1,Urbano,Élite,Sí,66.94,Exhibición,Adidas,Sí,10.1,1,2023-10-20
3433,2021,Madrid,431.7,Ballet,Principiante,No,14.58,Exhibición,Gobierno,No,6.7,1,2022-01-31
3434,2019,Buenos Aires,272.2,Ballet,Principiante,Sí,44.94,Gala,Nike,No,5.1,5,2015-10-05
3435,2020,Lima,100.4,Salsa,Élite,Sí,58.79,Festival,Adidas,Sí,2.3,2,2015-08-21
3436,2021,Buenos Aires,156.8,Hip Hop,Avanzado,No,94.86,Gala,Adidas,No,9.1,4,2019-04-02
3437,2017,Caracas,161.9,Contemporáneo,Élite,Sí,25.25,Festival,Gobierno,Sí,3.6,4,2019-05-14
3438,2024,Buenos Aires,204.7,Ballet,Intermedio,Sí,35.93,Taller,Gobierno,No,5.1,1,2018-01-18
3439,2017,Ciudad de México,219.1,Hip Hop,Intermedio,Sí,37.94,Gala,Local,Sí,1.7,4,2024-10-03
3440,2019,Bogotá,401.9,Contemporáneo,Principiante,Sí,60.55,Taller,Adidas,Sí,9.8,1,2023-12-15
3441,2020,Buenos Aires,181.2,Urbano,Intermedio,Sí,35.67,Taller,Adidas,Sí,9.4,5,2021-08-06
3442,2023,Caracas,239.4,Contemporáneo,Avanzado,Sí,53.35,Exhibición,Nike,No,9.1,2,2024-08-13
3443,2019,Bogotá,316.2,Salsa,Élite,No,78.18,Festival,Adidas,Sí,4.3,5,2015-01-26
3444,2015,Lima,195.1,Flamenco,Avanzado,Sí,70.54,Festival,Local,Sí,2.9,3,2023-06-24
3445,2018,Lima,419.9,Flamenco,Principiante,No,44.64,Festival,Local,No,8.0,3,2018-11-18
3446,2019,Lima,297.9,Ballet,Intermedio,No,86.42,Exhibición,Ninguno,No,6.5,3,2021-12-29
3447,2024,Lima,154.1,Contemporáneo,Élite,Si,55.81,Gala,Local,No,3.0,5,2024-03-26
3448,2024,Buenos Aires,359.9,Contemporáneo,Intermedio,Sí,53.99,Gala,Ninguno,Sí,8.5,4,2024-05-03
3449,2019,Ciudad de México,268.5,Hip Hop,Intermedio,No,3.42,Gala,Ninguno,Sí,11.9,2,2021-05-03
3450,2021,Ciudad de México,271.9,Urbano,Intermedio,Si,98.67,Festival,Ninguno,No,9.2,3,2016-04-05
3451,2018,Bogotá,245.7,Salsa,Principiante,Sí,12.3,Exhibición,Adidas,Sí,9.1,3,2021-11-08
3452,2015,Buenos Aires,253.5,Salsa,Principiante,No,23.11,Taller,Local,,11.5,3,2024-05-24
3453,2019,Bogotá,385.0,Flamenco,Élite,No,5.17,Gala,Gobierno,Sí,3.2,2,2017-12-27
3454,2021,Madrid,60.5,Flamenco,Semiprofesional,Sí,64.0,Taller,Gobierno,No,7.2,3,2017-10-03
3455,2024,Bogotá,173.8,Contemporáneo,Avanzado,Sí,22.47,Exhibición,Adidas,Sí,11.8,2,2022-12-20
3456,2024,Madrid,47.0,Flamenco,Principiante,Sí,18.0,Festival,Nike,No,2.8,3,2024-07-15
3457,2020,Ciudad de México,379.1,Flamenco,Principiante,Sí,8.86,,Ninguno,Sí,8.7,5,2020-06-17
3458,2019,Caracas,143.4,Hip Hop,Avanzado,No,10.33,,Nike,Sí,7.4,5,2016-05-05
3459,2018,Ciudad de México,449.7,Hip Hop,Avanzado,Sí,58.47,Festival,Nike,No,7.5,2,2017-12-08
3460,2016,Buenos Aires,268.0,Hip Hop,Élite,Sí,68.82,Gala,Ninguno,No,8.7,5,2022-02-24
3461,2018,Buenos Aires,402.4,Urbano,Élite,Sí,39.74,Competencia,Local,No,11.2,2,2023-09-09
3462,2024,Bogotá,489.7,Hip Hop,Principiante,Si,47.99,Exhibición,Adidas,Sí,9.6,5,2015-08-04
3463,2024,Bogotá,421.5,Flamenco,Avanzado,Sí,68.6,Gala,Adidas,Sí,1.6,5,2024-08-10
3464,2017,Ciudad de México,434.8,Hip Hop,Principiante,Gratis,1.74,Gala,Adidas,No,10.4,2,2019-09-20
3465,2024,Caracas,209.9,Ballet,Principiante,No,32.31,,Gobierno,No,3.5,4,2019-05-12
3466,2015,Caracas,280.3,Salsa,Intermedio,Sí,97.31,Exhibición,Gobierno,Sí,5.1,5,2022-02-19
3467,2022,Cdmx,134.4,Salsa,Avanzado,Gratis,58.01,Festival,Adidas,No,6.1,3,2015-06-08
3468,2019,Madrid,106.1,Flamenco,Avanzado,No,25.42,Exhibición,Gobierno,Sí,6.3,4,2021-12-11
3469,2018,Bogotá,257.7,Hip Hop,Élite,Sí,52.17,Taller,Nike,No,5.8,2,2016-11-16
3470,2022,Ciudad de México,301.6,Urbano,Principiante,Si,34.27,Festival,Gobierno,Sí,11.3,4,2024-01-27
3471,2021,Buenos Aires,176.2,Contemporáneo,Principiante,Sí,53.22,,Adidas,No,8.8,1,2022-10-12
3472,2016,Lima,289.0,Flamenco,Intermedio,Sí,12.57,Gala,Adidas,No,7.9,1,2019-11-12
3473,2015,Caracas,444.9,Flamenco,Élite,Sí,13.27,Exhibición,Nike,Sí,1.5,5,2020-08-14
3474,2025,Caracas,282.8,Flamenco,Avanzado,No,14.35,Festival,Ninguno,No,10.9,5,2020-01-18
3475,2018,Bogotá,363.2,Flamenco,Semiprofesional,Gratis,93.98,Taller,Nike,No,11.0,3,2021-08-05
3476,2022,Lima,404.6,Contemporáneo,Élite,No,73.29,Gala,Local,No,9.6,4,2021-11-11
3477,2016,Ciudad de México,494.5,Salsa,Intermedio,Gratis,16.24,Competencia,Gobierno,Sí,1.1,1,2021-04-14
3478,2017,Lima,305.6,Salsa,Principiante,No,18.83,Gala,Adidas,Sí,1.6,5,2019-05-09
3479,2015,Caracas,405.4,Flamenco,Avanzado,No,73.08,Gala,Nike,Sí,3.5,4,2019-08-24
3480,2015,Bogotá,481.7,Urbano,Avanzado,Sí,15.62,Festival,Local,No,2.4,5,2023-03-13
3481,2017,Caracas,472.8,Salsa,Avanzado,Sí,23.46,Exhibición,Adidas,No,5.4,5,2021-10-05
3482,2025,Caracas,79.1,Contemporáneo,Principiante,Si,96.33,Taller,Local,Sí,11.1,1,2020-04-30
3483,2019,Buenos Aires,209.1,Hip Hop,Intermedio,Si,25.53,Gala,Nike,No,6.2,1,2020-08-24
3484,2017,Lima,168.8,Urbano,Élite,Sí,66.16,Taller,Nike,Sí,1.1,5,2022-08-15
3485,2015,Ciudad de México,52.6,Hip Hop,Avanzado,Gratis,97.86,,Nike,Sí,4.1,2,2024-12-23
3486,2015,Madrid,320.3,Ballet,Avanzado,Sí,37.43,Taller,Ninguno,Sí,1.5,5,2018-02-19
3487,2022,Ciudad de México,370.6,Urbano,Principiante,Sí,1.75,Festival,Local,No,1.4,5,2021-05-13
3488,2024,Buenos Aires,425.6,Flamenco,Avanzado,No,24.41,Festival,Gobierno,No,4.0,3,2019-05-01
3489,2025,Caracas,70.2,Ballet,Intermedio,Sí,83.09,Gala,Ninguno,,4.0,3,2021-11-05
3490,2016,Buenos Aires,439.5,Urbano,Principiante,Sí,86.46,Festival,Ninguno,No,9.7,3,2024-06-23
3491,2017,Lima,325.0,Hip Hop,Avanzado,Sí,76.85,Gala,Local,No,11.7,2,2024-03-19
3492,2016,Ciudad de México,354.9,Contemporáneo,Élite,No,11.31,Gala,Ninguno,Sí,5.1,2,2024-12-24
3493,2017,Buenos Aires,456.2,Hip Hop,Avanzado,Si,79.55,Exhibición,Ninguno,No,5.7,5,2022-03-30
3494,2021,Buenos Aires,316.1,Contemporáneo,Intermedio,No,91.87,Festival,Nike,No,10.3,3,2021-10-29
3495,2015,Lima,174.6,Salsa,Avanzado,Sí,60.06,Gala,Local,Sí,3.9,2,2021-03-07
3496,2024,Lima,414.3,Contemporáneo,Principiante,Sí,94.09,Gala,Nike,Sí,2.7,1,2022-07-24
3497,2022,Buenos Aires,187.9,Salsa,Intermedio,Sí,82.68,Taller,Nike,No,10.4,5,2021-06-07
3498,2024,Madrid,26.8,Urbano,Élite,No,66.7,Exhibición,Ninguno,Sí,1.5,4,2020-04-16
3499,2024,Bogotá,417.0,Urbano,Élite,No,57.72,Taller,Nike,Sí,7.8,5,2024-01-08
3500,2024,Madrid,179.1,Flamenco,Intermedio,No,34.86,Taller,Ninguno,Sí,7.2,4,2019-10-24
3501,2016,Bogotá,389.2,Contemporáneo,Avanzado,Sí,15.93,,Nike,No,4.8,3,2020-08-12
3502,2017,Caracas,187.8,Ballet,Élite,No,60.5,Exhibición,Adidas,Sí,4.5,4,2017-09-16
3503,2023,Bogotá,431.9,Flamenco,Élite,Sí,31.81,Festival,Local,Sí,9.5,3,2019-03-22
3504,2021,Ciudad de México,117.6,Hip Hop,Élite,Gratis,86.64,Festival,Ninguno,No,2.0,1,2018-01-21
3505,2018,Caracas,487.5,Flamenco,Semiprofesional,Sí,99.33,Gala,Gobierno,,3.6,4,2022-01-11
3506,2024,Lima,392.1,Hip Hop,Intermedio,Sí,75.24,Festival,Local,No,9.1,5,2024-07-31
3507,2019,Buenos Aires,66.0,Flamenco,Intermedio,No,9.05,Festival,Nike,Sí,7.0,3,2016-05-07
3508,2016,Bogotá,287.2,Salsa,Avanzado,Gratis,28.87,Festival,Gobierno,Sí,2.4,5,2024-01-20
3509,2025,Ciudad de México,492.8,Hip Hop,Intermedio,Sí,10.91,,Adidas,No,10.7,2,2016-09-11
3510,2022,Madrid,240.8,Urbano,Semiprofesional,Sí,65.05,Taller,Nike,No,5.3,3,2023-11-07
3511,2018,Lima,99.2,Hip Hop,Semiprofesional,No,76.52,Exhibición,Ninguno,Sí,10.1,4,2021-07-06
3512,2023,Bogotá,247.5,Urbano,Principiante,No,92.57,Gala,Ninguno,Sí,9.7,3,2021-07-08
3513,2019,Buenos Aires,261.1,Flamenco,Intermedio,Sí,43.82,Competencia,Adidas,No,7.9,5,2020-09-28
3514,2023,Caracas,373.4,Hip Hop,Intermedio,No,90.14,Festival,Local,No,6.4,1,2019-03-27
3515,2018,Cdmx,352.4,Salsa,Intermedio,Sí,87.79,Gala,Ninguno,Sí,11.8,3,2017-05-12
3516,2024,Lima,207.2,Flamenco,Intermedio,Si,31.72,Festival,Nike,Sí,2.6,4,2019-08-19
3517,2019,Bogotá,116.8,Contemporáneo,Intermedio,Si,86.89,Gala,Gobierno,Sí,9.0,2,2024-10-03
3518,2023,Madrid,326.1,Flamenco,Élite,Gratis,37.57,Festival,Gobierno,Sí,3.1,1,2019-05-25
3519,2022,Bogotá,216.6,Flamenco,Intermedio,Sí,29.69,Competencia,Local,Sí,4.7,2,2021-05-08
3520,2017,Bogotá,74.8,Ballet,Avanzado,No,64.91,,Ninguno,No,4.4,3,2016-08-02
3521,2015,Buenos Aires,451.3,Contemporáneo,Avanzado,Sí,32.84,Gala,Gobierno,Sí,11.4,5,2020-03-05
3522,2017,Caracas,348.7,Hip Hop,Semiprofesional,Sí,63.02,Taller,Adidas,No,11.6,5,2018-06-29
3523,2018,Caracas,344.8,Ballet,Principiante,Sí,60.98,Festival,Adidas,No,3.0,4,2022-02-20
3524,2016,Bogotá,413.1,Urbano,Intermedio,Sí,56.34,Gala,Nike,No,1.2,5,2022-07-06
3525,2015,Caracas,269.5,Contemporáneo,Semiprofesional,Gratis,38.04,Taller,Nike,,8.9,1,2020-01-30
3526,2021,Lima,409.4,Urbano,Intermedio,Sí,54.85,Festival,Local,,5.6,5,2023-08-28
3527,2022,Buenos Aires,254.1,Flamenco,Avanzado,No,59.65,Gala,Adidas,,2.0,4,2021-10-29
3528,2021,Madrid,42.9,Urbano,Avanzado,Sí,54.57,Festival,Nike,Sí,8.5,3,2023-05-23
3529,2019,Lima,208.6,Ballet,Intermedio,Si,44.44,Exhibición,Nike,Sí,7.0,3,2018-09-17
3530,2015,Madrid,253.8,Urbano,Principiante,No,1.47,Gala,Local,No,11.8,5,2018-03-08
3531,2021,Ciudad de México,362.9,Urbano,Principiante,Si,58.71,Festival,Gobierno,No,3.5,2,2015-12-23
3532,2021,Madrid,62.2,Hip Hop,Élite,Sí,16.84,Gala,Ninguno,,5.4,3,2019-06-13
3533,2023,Caracas,78.6,Contemporáneo,Intermedio,No,64.26,Gala,Nike,No,7.0,5,2021-05-10
3534,2017,Madrid,139.2,Ballet,Élite,Sí,75.93,Exhibición,Local,,9.7,4,2023-06-18
3535,2023,Madrid,140.6,Contemporáneo,Semiprofesional,No,50.04,Festival,Ninguno,No,7.0,5,2020-06-29
3536,2015,Madrid,368.8,Urbano,Semiprofesional,Si,54.24,Competencia,Adidas,Sí,7.7,3,2021-06-16
3537,2015,Caracas,132.9,Flamenco,Intermedio,No,95.15,Exhibición,Ninguno,No,3.5,4,2017-05-19
3538,2018,Caracas,320.2,Ballet,Avanzado,No,84.72,Gala,Ninguno,No,10.3,5,2017-06-04
3539,2023,Lima,252.2,Hip Hop,Intermedio,Gratis,91.42,Competencia,Gobierno,No,5.7,1,2020-06-24
3540,2020,Caracas,290.9,Flamenco,Semiprofesional,No,81.38,Taller,Gobierno,Sí,2.6,4,2021-01-10
3541,2025,Caracas,420.7,Hip Hop,Élite,Gratis,10.89,Gala,Local,No,8.3,1,2018-11-14
3542,2017,Lima,208.1,Ballet,Avanzado,Sí,14.9,Taller,Adidas,Sí,3.4,2,2018-07-07
3543,2015,Ciudad de México,387.7,Hip Hop,Élite,No,52.66,,Ninguno,No,2.1,4,2016-09-11
3544,2018,Bogotá,216.8,Flamenco,Élite,Sí,24.61,Gala,Gobierno,No,10.5,1,2017-06-01
3545,2023,Caracas,183.4,Ballet,Élite,Sí,47.67,Competencia,Local,No,6.1,3,2017-03-07
3546,2017,Caracas,479.7,Urbano,Élite,No,39.44,Gala,Ninguno,Sí,9.2,3,2024-12-21
3547,2023,Caracas,100.3,Hip Hop,Principiante,Sí,54.94,Exhibición,Gobierno,No,4.2,2,2020-12-12
3548,2021,Caracas,54.3,Contemporáneo,Principiante,Sí,74.69,Taller,Ninguno,,9.7,4,2024-05-18
3549,2018,Buenos Aires,387.8,Salsa,Intermedio,Gratis,71.55,Festival,Nike,,2.2,4,2018-07-20
3550,2017,Caracas,43.4,Contemporáneo,Élite,Sí,52.12,,Local,Sí,4.9,4,2016-09-10
3033,2017,Madrid,454.8,Contemporáneo,Élite,Sí,80.74,Gala,Local,SÍ,36.0,5,2020-02-07
3368,2022,Caracas,287.1,Ballet,Principiante,Sí,2.09,Gala,Adidas,No,2.0,3,2020-11-21
3492,2016,Ciudad de México,354.9,Contemporáneo,Élite,No,11.31,Gala,Ninguno,Sí,5.1,2,2024-12-24
3216,2018,Madrid,82.4,Contemporáneo,Élite,Sí,1.84,Gala,Ninguno,Sí,3.6,5,2021-09-03
3496,2024,Lima,414.3,Contemporáneo,Principiante,Sí,94.09,Gala,Nike,Sí,2.7,1,2022-07-24
3287,2020,Lima,167.1,Flamenco,Principiante,Sí,18.55,Taller,Local,Sí,1.4,5,2017-05-22
3493,2017,Buenos Aires,456.2,Hip Hop,Avanzado,Si,79.55,Exhibición,Ninguno,No,5.7,5,2022-03-30
3366,2016,Lima,16.0,Ballet,Semiprofesional,Gratis,4.37,Festival,Ninguno,No,2.2,1,2022-10-02
3420,2021,Caracas,131.6,Hip Hop,Intermedio,Sí,39.9,Competencia,Local,Sí,1.6,1,2021-11-23
3482,2025,Caracas,79.1,Contemporáneo,Principiante,Si,96.33,Taller,Local,Sí,11.1,1,2020-04-30
